word,frequency
사랑,1252
되다,1023
모르다,780
나르다,773
그렇다,757
내다,752
지금,671
가다,663
버리다,647
오다,618
좋다,612
알다,605
세상,605
어떻다,587
마음,582
다시,568
그대,564
아니다,560
우린,519
모든,496
들다,489
이제,481
생각,478
나다,465
순간,462
주다,457
오늘,452
매일,436
웃다,424
사람,407
자다,393
해주다,382
아프다,379
기억,378
노래,361
하루,352
멈추다,329
원하다,318
미치다,315
걸다,309
느끼다,303
잊다,302
믿다,301
괜찮다,289
심장,288
눈물,287
이렇다,286
서로,285
계속,275
기다리다,273
이다,272
보고,268
찾다,265
하늘,264
그냥,262
보이다,256
잡다,256
정말,255
영원하다,249
쉬다,243
싫다,241
위로,238
사이,237
뛰다,235
내일,234
놓다,233
아무,232
만나다,231
바람,230
시작,224
많다,223
차다,222
자꾸,220
모습,218
두다,218
뜨다,213
나오다,210
멀리,208
떠나다,208
위해,207
기분,205
만들다,204
이름,198
말다,198
빠지다,195
해도,193
처음,192
불다,192
따르다,190
빛나다,189
아름답다,187
닿다,186
맞추다,185
사라지다,183
부르다,182
변하다,178
해보다,177
새롭다,176
지다,173
소리,172
어둠,171
가슴,170
안다,170
갈다,169
예쁘다,169
서다,167
추억,162
수가,161
그리다,161
행복하다,160
때문,160
걱정,159
되어다,158
달콤하다,157
멀다,156
작다,154
느낌,153
대다,152
걷다,151
남다,147
누가,144
끄다,144
바라보다,144
잃다,144
달다,144
채우다,143
친구,143
가득,142
살다,142
뜨겁다,142
보내다,140
받다,140
세계,140
그게,139
목소리,137
지키다,136
힘들다,134
흐르다,134
약속,134
제발,134
돌다,134
어리다,134
추다,134
설레다,133
운명,133
여전하다,132
맞다,132
치다,131
먹다,131
끝나다,130
점점,130
한번,129
숨다,128
마지막,128
거리,127
절대,127
고민,126
좋아하다,125
항상,125
넘다,125
다가오다,124
바라다,122
지우다,122
감정,122
깊다,121
걸음,121
눈빛,120
이유,118
아침,117
터지다,116
떨어지다,116
울다,115
대로,114
머리,114
가득하다,113
아래,111
얘기,109
필요하다,109
태양,109
헤매다,109
바보,108
자리,107
똑같다,107
커지다,107
흔들다,107
미안하다,106
지치다,106
슬프다,106
거짓말,104
수많다,104
던지다,104
두렵다,103
영원,102
어제,102
담다,102
우릴,101
꾸다,101
비추다,101
이르다,100
차갑다,100
지나가다,99
얼굴,99
후회,99
이상하다,99
눈부시다,98
여자,98
건지다,97
바다,97
듯이,96
상처,96
크다,95
내겐,95
음악,95
고맙다,95
마주,95
거치다,95
가끔,94
향기,94
그대로,94
돌아오다,94
기다,94
뻔하다,93
감다,92
솔직하다,92
따윈,92
꿈꾸다,92
떨리다,91
미소,91
아무렇다,91
가지,91
날아가다,91
사실,90
비밀,90
구름,89
행복,89
죽다,89
여기다,89
어느새다,88
반복,88
하얗다,88
헤어지다,87
입술,87
돌아가다,87
대도,87
나쁘다,86
달리다,86
따다,85
아주,85
듣다,85
이별,85
그날,84
시선,84
완벽하다,84
참다,83
멀어지다,83
상상,82
열다,82
놓치다,82
계절,82
현실,82
보여주다,81
잠들다,81
의미,81
스치다,81
태우다,81
기대,81
내리다,81
울리다,80
들리다,80
자꾸만,79
무너지다,79
가장,79
표정,79
진짜,79
준비,79
달빛,78
고백,78
어쩌면,78
가까이,77
우주,77
뭐라다,76
선택,76
이끌다,76
지나다,75
라면,75
인생,75
미래,75
그립다,75
거울,75
걸어가다,74
써다,74
너머,74
소중하다,74
다르다,73
막다,73
아픔,73
밝다,73
깊이,73
최고,73
특별하다,73
꺼내다,72
그녀,72
몰래,72
느껴지다,71
요즘,71
돌리다,70
기적,70
겨울,70
쓰다,69
밟다,69
갖다,69
멋지다,69
삼키다,69
여름,68
웃음,68
잡고,68
슬픔,68
남자,67
나야,67
숨기다,67
피어,67
새벽,66
춤추다,66
무대,66
다치다,66
외치다,65
홀로,65
달라,64
길다,64
나가다,64
때론,64
햇살,64
즐기다,64
리듬,64
떠오르다,63
불안하다,63
올리다,63
쌓이다,63
장난,63
달려가다,63
꿈속,62
늘다,62
위험하다,62
반짝이다,62
쏟아지다,62
불꽃,62
낯선,62
무섭다,61
묻다,61
늦다,61
가지다,61
자유,61
어렵다,61
날개,61
감추다,61
진심,61
눈치,60
필요,60
놀다,60
보지,60
종일,60
태어나다,60
거짓,60
높다,60
보이지,59
고프다,59
대신,59
펼쳐지다,59
별빛,59
미로,58
밤하늘,58
세다,58
감싸다,58
선명하다,58
기도,58
이야기,58
궁금하다,57
이면,57
외롭다,57
누군가,57
바꾸다,57
갈수록,57
지나,56
생각나다,56
뭔가,56
달라지다,56
파도,56
어서,56
물들다,55
흔들리다,55
존재,55
바쁘다,54
대답,54
어른,54
정신,53
높이,53
거기,53
빠르다,53
길이,53
어차피,53
대체,53
타고,53
안녕,53
비치다,53
머릿속,53
닮다,53
모으다,53
대취타,53
따라가다,52
하리,52
영화,52
지내다,52
안되다,52
머물다,52
꺼지다,52
노랗다,52
도시,52
맡기다,52
말로,51
먼저,51
날다,51
포기,51
기대다,51
붙잡다,51
막히다,51
쏘다,51
용기,50
붉다,50
남기다,50
따뜻하다,50
이해,50
선물,50
돌아보다,50
달리,50
그림자,50
나나,50
다가가다,49
마법,49
입다,49
벌써,49
뱉다,49
가보다,49
끼다,49
문제,49
타오르다,49
깨우다,48
찾아오다,48
끌리다,48
어쩜,48
소리치다,48
흔적,48
가면,48
끼리,48
투명하다,48
마주치다,47
쉽다,47
밀다,47
적다,47
데려가다,47
잡히다,47
신경,47
깨다,47
어깨,47
부서지다,47
유일하다,47
나타나다,46
피다,46
관심,46
떠나가다,46
흘리다,46
미련,46
아깝다,46
눈앞,46
반대,46
시원하다,46
어색하다,45
강하다,45
갇히다,45
맘속,45
덮다,45
멋대로,45
마르다,45
내게로,45
애쓰다,45
지르다,45
오지,45
훌쩍,44
어울리다,44
따라오다,44
살아가다,44
새기다,44
아끼다,43
까맣다,43
편하다,43
자유롭다,43
제일,43
처럼,43
넘어지다,43
주문,43
욕심,43
밤새,43
건네다,43
겁나다,43
질투,43
아마,43
따스하다,43
온기,43
아득하다,43
가까워지다,43
지난,42
다시다,42
견디다,42
파란,42
뒤지다,42
녹다,42
생기다,41
이제야,41
속삭이다,41
배우다,41
시련,41
찬란하다,41
전화,41
미우다,41
어지럽다,41
고개,40
들어가다,40
걸리다,40
쓸다,40
바뀌다,40
오오오,40
보이,40
어머,40
서두르다,39
사진,39
충분하다,39
쓰러지다,39
나서다,39
비우다,39
수도,39
부족하다,39
고통,39
힘껏,39
온몸,39
흘러가다,39
떼다,39
지겹다,38
나누다,38
만날,38
밝히다,38
마냥,38
노력,38
유행가,38
주르륵,38
그땐,38
펴다,38
빼다,38
천국,38
가시,38
버스,38
깨지다,38
젖다,38
힘내다,38
크게,38
벗어나다,38
살짝,37
수만,37
마시다,37
믿음,37
취해,37
그림,37
남아,37
들이키다,37
죽이다,37
켜다,37
정답,37
만세,37
내미다,36
만난,36
거지,36
예전,36
기쁨,36
가져가다,36
방탄,36
성공,36
속도,36
희미하다,36
뻗다,36
경계,36
맴돌다,36
남겨지다,36
원래,35
누르다,35
들어오다,35
잊혀지다,35
끝내다,35
의심,35
손끝,35
천사,35
소원,35
지구,35
희망,35
이루다,35
싸우다,35
짙다,35
공기,35
푸른,35
꽃잎,35
랄라라,35
분명하다,34
물어보다,34
짜릿하다,34
익숙하다,34
잖다,34
물어,34
밉다,34
흔하다,34
망설이다,34
라라,34
붙다,34
진실,34
나이,34
한숨,34
새끼,34
조각,34
감고,34
아예,34
노을,34
모이다,34
영혼,34
표현,33
그만하다,33
고치다,33
서서,33
피우다,33
청춘,33
넘치다,33
움직이다,33
깨어나다,33
방울,33
온통,32
느리다,32
답답하다,32
이기,32
당기다,32
알아보다,32
힘드다,32
잠기다,32
만남,32
분위기,32
줄기,32
두운,32
날씨,32
그것,32
가져오다,32
부딪히다,32
망하다,32
쫓다,32
탕진,32
워워워,32
파이팅,32
게임,31
가요,31
삶다,31
지워지다,31
차오르다,31
일어나다,31
기다림,31
라라라,31
엄마,31
괴물,31
집다,31
주위,31
인사,31
빠져들다,31
시끄럽다,31
끝없다,31
구원,31
도착,31
올라타다,31
장면,31
겠다,30
헷갈리다,30
찾아가다,30
설명,30
허락,30
넘기다,30
넣다,30
다가,30
짧다,30
중요하다,30
가사,30
거란,30
서툴다,30
이뤄지다,30
공간,30
서울,30
질문,30
희다,30
기쁘다,30
틀다,30
하이,30
쩔다,30
은하수,30
미움,30
가볍다,30
태도,29
버티다,29
가두다,29
착하다,29
말투,29
불빛,29
가리다,29
바닥,29
단어,29
개다,29
되돌리다,29
어딘가,29
환하다,28
안고,28
혼잣말,28
잃어버리다,28
끝내,28
주지,28
도망가다,28
희망이,28
속이다,28
어둡다,28
고르다,28
도망치다,28
발걸음,28
계획,28
사막,28
어젯밤,28
두드리다,28
욱해,28
해금,28
한참,27
나로,27
돌아서다,27
역시,27
완전,27
앉다,27
더욱,27
빌어,27
짓다,27
하고프다,27
다정하다,27
조명,27
세대,27
당연하다,27
올라가다,27
더럽다,27
손잡다,27
스스로,27
일지,27
그치다,27
넓다,27
끌어안다,27
문득,27
묻히다,27
붙이다,27
떠내려가다,27
숨기,26
저녁,26
굳다,26
허다,26
정도,26
들어주다,26
한순간,26
건너,26
이기다,26
축제,26
오늘밤,26
벅차다,26
읽다,26
비트,26
퍼지다,26
소녀,26
누나,26
상관없다,26
초라하다,26
뱁새,26
찾아내다,26
멜로디,26
이어지다,26
마침내,26
확실하다,25
자리다,25
헤어지자,25
차이,25
먼지,25
수줍다,25
둘이서,25
넘어가다,25
절대로,25
덥다,25
내버리다,25
하루하루,25
달이,25
분명,25
혼란,25
정해진,25
어쩌겠어,25
발자국,25
여행,25
불어,25
붐붐,25
생일,24
손가락,24
간다,24
주변,24
누굴,24
낯설다,24
훗날,24
조심,24
확인,24
괴롭다,24
부럽다,24
내려가다,24
지옥,24
담기다,24
딱하다,24
명예,24
안개,24
간지럽다,24
찰나,24
전해,23
녹이다,23
다짐,23
기울이다,23
침대,23
대한,23
나라,23
보기,23
가라,23
틀리다,23
화려하다,23
외로워,23
아찔하다,23
도대체,23
키우다,23
넘어서다,23
별로,23
우산,23
일상,23
꼬이다,23
빨갛다,23
위태,23
분노,23
풍경,23
풀다,23
날아오르다,23
바치다,22
미워하다,22
웃기,22
아쉽다,22
두려움,22
기회,22
인정,22
인형,22
짜다,22
새다,22
다니다,22
때리다,22
대구,22
힙합,22
시대,22
들이다,22
세우다,22
시야,22
외로움,22
거부,22
망가지다,22
자랑,22
실수,22
이자,22
깜깜,22
티나,22
펼치다,22
얼음,22
차리다,21
너뿐이야,21
눈동자,21
갑자기,21
평생,21
없어지다,21
낡다,21
방법,21
건가,21
손길,21
온도,21
숨결,21
말리다,21
흘러내리다,21
자존심,21
이기만,21
찢다,21
간직,21
포근하다,21
매력,21
긴장,21
사치,21
찍다,21
씹다,21
소년단,21
소린,21
제자리,21
알아주다,21
낙원,21
검다,21
황홀하다,21
여름밤,21
조용하다,20
재미없다,20
로만,20
가야,20
맺다,20
잘못,20
야하다,20
가도,20
달아나다,20
가르다,20
흩날리다,20
제대로,20
지루하다,20
해내다,20
증명,20
감각,20
전하,20
주인공,20
추락,20
절망,20
언어,20
귀엽다,20
맞닿다,20
헤치다,20
녹아내리다,20
손오공,20
질겅,20
마음속,19
기억나다,19
공식,19
고장,19
그리움,19
떠올리다,19
서도,19
하나로,19
다리,19
이상은,19
지켜보다,19
지나치다,19
걸어오다,19
돌이키다,19
데리다,19
시절,19
덕분,19
마디,19
습관,19
커피,19
대화,19
진격,19
오늘이,19
메시지,19
손짓,19
이불,19
지도,19
시소,19
접다,19
흩어지다,19
소년,19
적당하다,19
몰아치다,19
간절하다,19
얘길,19
가르치다,19
사소하다,19
무겁다,19
비키다,19
불타다,19
째깍,19
지피다,19
들려주다,18
시계,18
놀랍다,18
빌다,18
감사하다,18
괴롭히다,18
챙기다,18
피해,18
한단,18
하니,18
인기,18
반하다,18
연락,18
화가,18
주어지다,18
데이트,18
숨쉬다,18
놓이다,18
내려놓다,18
애가,18
비다,18
정상,18
쥐다,18
회색,18
전혀,18
발끝,18
싸움,18
빨르다,18
신나다,18
나비,18
시들다,18
공허하다,18
복잡하다,18
높이다,18
소음,18
눈뜨다,18
뚫다,18
물든,18
불어오다,18
해오다,18
뚜벅,18
스르르,18
나아가다,18
와리,18
쳐다보다,17
서든,17
맛있다,17
끊다,17
자라나다,17
일이,17
핸드폰,17
일도,17
외면,17
며칠,17
귓가,17
섞이다,17
문자,17
놀리다,17
물다,17
빌리다,17
보석,17
찌다,17
유리,17
묶다,17
맛보다,17
완전하다,17
바란,17
리지,17
기르다,17
시험,17
쓸쓸하다,17
아리땁다,17
정의,17
평범하다,17
과거,17
감당,17
헤어,17
설레임,17
깜짝,16
글자,16
건너다,16
거품,16
인연,16
근대,16
박히다,16
즐겁다,16
용서,16
자연,16
사다,16
숨소리,16
부끄럽다,16
착각,16
두근거리다,16
최선,16
박수,16
익숙해지다,16
소용없다,16
띄우다,16
잘나다,16
외우다,16
바르다,16
비웃다,16
반응,16
기대하다,16
떠보다,16
평소,16
내려오다,16
순수하다,16
피고,16
상태,16
아름,16
당당하다,16
완성,16
훔치다,16
자체,16
죽지,16
방황,16
열리다,16
손가락질,16
무지개,16
열정,16
황새,16
짝짝,16
발사,16
혈관,16
나인,16
엇갈리다,16
쑤다,16
활짝,16
금지,16
반짝,16
깨끗하다,16
거슬러,16
감히,16
먹음,16
나침반,16
예민하다,15
달려오다,15
살리다,15
번의,15
가기,15
남지,15
유행,15
찌르다,15
그거,15
치기,15
고작,15
무시,15
아이돌,15
뺏다,15
부리다,15
악몽,15
홈런,15
시기,15
얻다,15
벗다,15
밀리다,15
모험,15
단둘,15
직진,15
어보,15
갈래,15
카드,15
맑은,15
커다랗다,15
신기루,15
비행,15
말르다,15
갈증,15
우연,15
글쎄,15
분노하다,15
내디디다,15
무심하다,15
물감,15
움직임,15
들려오다,15
데일,15
송곳니,15
부드럽다,14
목말,14
결말,14
무릎,14
키스,14
눕다,14
멍하니,14
좁다,14
잊어버리다,14
농담,14
자고,14
재미,14
좀더,14
왕관,14
해봤다,14
임마,14
한계,14
가짜,14
뜯다,14
멍청하다,14
함성,14
여태,14
출구,14
세기,14
미안,14
눈감다,14
허공,14
메아리,14
구르다,14
환상,14
학년,14
깔다,14
사방,14
지고,14
빗물,14
침묵,14
한여름,14
이사,14
술잔,14
지독하다,14
래야,14
부디,14
미약,14
파고들다,14
투성이,14
반기다,14
트로피,14
급하다,14
헤엄,14
품다,14
풀리다,14
소란하다,14
세포,14
잼잼,14
번진,14
물음,14
부풀다,14
부석,14
번개,14
두루,14
들키다,13
화면,13
이쯤,13
여기저기,13
멋있다,13
별처럼,13
게로,13
구석,13
우습다,13
닦다,13
감동,13
밤새다,13
부모님,13
취하,13
진하다,13
싸다,13
공부,13
학교,13
벌다,13
악마,13
가족,13
시리다,13
저주,13
불씨,13
너넨,13
일부,13
스타일,13
채다,13
싸이,13
영웅,13
다운,13
빨다,13
한가운데,13
똑바로,13
중이,13
불길,13
관계,13
맡다,13
소나기,13
우연이,13
다가서다,13
마리아,13
나일,13
수고,13
흉터,13
나답,13
가운데,13
부숴,13
봄날,13
끝내주다,13
인하다,13
어긋나다,13
비행기,13
잔인하다,13
평화,13
욕망,13
버겁다,13
물결,13
굳이,13
솟다,13
유령,13
이틀,13
인간,13
토요일,13
안기다,13
찌릿,13
춥다,13
끌어당기다,13
얼어붙다,13
찡그리다,13
콘크리트,13
입맛,12
죽음,12
지라,12
소용,12
버릇,12
온종일,12
소식,12
아아,12
번호,12
핑계,12
제목,12
파랗다,12
억지로,12
행동,12
여리다,12
정해지다,12
감탄,12
미루다,12
어설프다,12
스물,12
가든,12
원망하다,12
입맞춤,12
오래되다,12
저리,12
전라도,12
랩퍼,12
터널,12
용감하다,12
끌다,12
사랑스럽다,12
초콜릿,12
살아나다,12
따끔하다,12
가능하다,12
신다,12
얼다,12
소설,12
드라마,12
허전하다,12
그려지다,12
걷히다,12
날리다,12
취한,12
절반,12
좋아지다,12
유혹,12
이성,12
부정,12
별거,12
안보,12
닫히다,12
치키다,12
불타,12
밑바닥,12
창조,12
방식,12
확신,12
바퀴,12
먹구름,12
정반대,12
중심,12
수리,12
원한,12
방향,12
깜빡이다,12
잔뜩,12
편이,12
펑크,12
참고,12
불안,12
속삭임,12
쌰쌰쌰,12
홀려,12
꼬대,12
예감,12
자세,12
찾아보다,12
옅다,12
청바지,12
천둥,12
벌거숭이,12
파티,11
수록,11
주저,11
마는,11
그만두다,11
식다,11
적도,11
바랬던,11
전진,11
서면,11
방탄소년단,11
내내,11
재밌다,11
비참하다,11
변치,11
일만,11
낭비,11
돌려주다,11
귀찮다,11
질리다,11
휩쓸다,11
예술,11
흐려지다,11
빗방울,11
강남,11
하라,11
위선,11
홍대,11
켜지다,11
올라오다,11
거두다,11
카페,11
색깔,11
단순하다,11
축하,11
보라,11
거대하다,11
떠들다,11
엄지,11
신발,11
편지,11
화살,11
떨다,11
새우다,11
배다,11
자라다,11
기준,11
의지,11
밀려오다,11
일으키다,11
잠그다,11
차원,11
영감,11
본능,11
스며들다,11
빼곡,11
스럽다,11
의문,11
가깝다,11
존나,11
칠하다,11
꺾다,11
박다,11
출발,11
숙이다,11
새꺄,11
열기,11
반갑다,11
비바람,11
조준,11
도망,11
무수,11
부딪치다,11
비어,11
자연스럽다,11
홀린,11
심판,11
오렌지,11
물음표,11
흐릿,11
바다로,11
핑크,11
아틸,11
내지,11
피하,11
튀다,11
쌓다,11
오기,11
동화,11
좁히다,11
발견,11
소용돌이,11
복작대다,11
달달,10
나란하다,10
축복,10
꿇다,10
가치,10
차가워지다,10
연애,10
불행하다,10
잘해주다,10
스레,10
겪다,10
자국,10
모래성,10
부탁,10
조그만,10
미리,10
고여,10
띠움,10
향기도,10
살이,10
이쁘다,10
마침표,10
데뷔,10
리다,10
아빠,10
성공하다,10
기름,10
나중,10
불행,10
찢어지다,10
앓다,10
대면,10
닫다,10
빌어먹을,10
거꾸로,10
햇빛,10
어머니,10
꾸미다,10
만만하다,10
위치,10
팔짱,10
같잖다,10
멍청이,10
멎다,10
주체,10
차려,10
관리,10
끼우다,10
버려진,10
상관,10
호수,10
법칙,10
낙엽,10
감옥,10
뛰어들다,10
건드리다,10
관대,10
무기,10
증오,10
아보,10
익다,10
노랜,10
일주일,10
끓다,10
무덥다,10
무언가,10
용다,10
어쩌,10
반쪽,10
갈림길,10
불편하다,10
집어치우다,10
여름날,10
고요한,10
네모,10
조심하다,10
예고,10
창밖,10
도도하다,10
일초,10
멀쩡하다,10
다투다,10
맹세,10
립스틱,10
오른,10
중력,10
까탈레나,10
르륵,10
도로,10
부어,10
댄싱,10
부분,10
할퀴다,10
가로지르다,10
둘러싸다,10
띠링,10
놔두다,10
해방,10
꽃처럼,10
휩싸이다,10
연결하다,10
필멸,10
예상,9
행운,9
나니,9
풍선,9
더하다,9
수천,9
닳다,9
입가,9
가게,9
왼쪽,9
이후,9
목소릴,9
연인,9
쏠리다,9
종이,9
다행,9
털다,9
자극,9
쳇바퀴,9
태연하다,9
어도,9
금방,9
다툼,9
주머니,9
만족하다,9
중요,9
한심하다,9
유치하다,9
말기,9
면서,9
절벽,9
얌마,9
광주,9
현재,9
자르다,9
라임,9
책임지다,9
닥치다,9
경상도,9
카노,9
천만,9
취향,9
오빠,9
대해,9
시발,9
때로는,9
벚꽃,9
콧노래,9
창문,9
전화하다,9
결혼,9
나무,9
오해,9
해제,9
튀어,9
심하다,9
노예,9
바지,9
무조건,9
연속,9
위험,9
건물,9
반대편,9
살기,9
섞다,9
만원,9
젊다,9
고생,9
실감,9
녀석,9
몸짓,9
놀래다,9
입버릇,9
실패,9
사무치다,9
수면,9
엉망,9
발짝,9
목표,9
차례,9
낮추다,9
날카롭다,9
입김,9
집중,9
해답,9
망치다,9
엑셀,9
차분하다,9
깨달,9
흠뻑,9
금빛,9
미처,9
단단하다,9
무게,9
캄캄하다,9
상식,9
갚다,9
대지,9
달아오르다,9
이루어지다,9
둘러보다,9
신호,9
난난,9
끊어지다,9
주말,9
커튼,9
빈틈,9
하마,9
세븐,9
쪽지,9
통해,9
갈망,9
바짝,9
사계절,9
이어폰,9
지휘,9
꽂다,9
강렬하다,9
찌푸리다,9
깨뜨리다,9
잔잔하다,9
날뛰다,9
판도라,9
밧다,9
퐁당,9
사탕,8
제로,8
코카콜라,8
정리,8
헛소리,8
얼른,8
들어서다,8
어리석다,8
매달리다,8
집착,8
이란,8
한잔,8
묶인,8
촛불,8
계산,8
맴도,8
본가,8
환영,8
뭐길,8
따갑다,8
번만,8
메다,8
사람인,8
나약하다,8
어쨌든,8
과분,8
깨닫다,8
화장,8
배부르다,8
타자,8
냄새,8
회사,8
는걸,8
곱다,8
걸치다,8
수십,8
내뱉다,8
순식간,8
괜시리,8
지갑,8
텁텁,8
마이크,8
박자,8
강원,8
충청도,8
마마,8
늑대,8
늙다,8
작업실,8
타령,8
뿌리다,8
중독,8
드리다,8
러브,8
퍼즐,8
선생님,8
상황,8
변명,8
말장난,8
손발,8
빙빙,8
건배,8
심해,8
주인,8
종교,8
가로등,8
아들,8
병신,8
콧대,8
집합,8
막막하다,8
꽂히다,8
앞서,8
야망,8
뛰어가다,8
금세,8
단숨,8
활활,8
제멋대로,8
달러,8
역사,8
잘나가다,8
바라지,8
투정,8
비교,8
대충,8
힘차다,8
꼬리,8
어깰,8
웃음소리,8
돋다,8
영영,8
자주,8
모자라,8
애초,8
고양이,8
해석,8
끊임없다,8
갑갑하다,8
긍정,8
거나,8
파편,8
목적,8
위대하다,8
잠꼬대,8
일팔,8
뒤척,8
맞이,8
내리쬐다,8
내주다,8
잿빛,8
택시,8
이어도,8
여정,8
시공,8
베다,8
떠다니다,8
가라앉다,8
변화,8
차선,8
존경,8
들여다보다,8
시시하다,8
일기,8
통제,8
마찬가지,8
감기,8
모금,8
거릴,8
번쩍,8
피부,8
짜릿짜릿하다,8
아련하다,8
발길,8
순진하다,8
뒷모습,8
스틱,8
소개,8
넘어오다,8
일찍,8
고스트,8
참치,8
밀고,8
따지다,8
바늘,8
일기장,8
너와나,8
또르르,8
액션,8
요동치다,8
지기,8
다물다,8
뚜렷하다,8
번지,8
작아지다,8
늘어나다,8
짙어지다,8
연결,8
발버둥,8
기적처럼,8
쏟다,8
태운,8
아메,8
비루,8
어림없다,8
마에스트로,8
구슬,8
괴짜,8
가십,8
길들이다,8
논리,8
금기,8
하트,7
배고프다,7
모자라다,7
가을,7
메우다,7
윙크,7
기선,7
짓궂다,7
뿌리,7
되돌아가다,7
살아오다,7
촉촉하다,7
십년,7
달래다,7
리오,7
불만,7
대란,7
애원,7
인지도,7
명품,7
똑똑하다,7
사람과,7
성격,7
서투르다,7
통화,7
딛다,7
피곤하다,7
반했어,7
한가지,7
화제,7
자석,7
잠도,7
안타깝다,7
라며,7
화창하다,7
연기,7
보드,7
커플,7
화장실,7
리도,7
소릴,7
까칠하다,7
강요,7
상대,7
썩다,7
신고,7
부러지다,7
본질,7
지배,7
사고,7
코미디,7
깜빡,7
그릴,7
흑백,7
포장,7
신념,7
지하,7
가나,7
근심,7
약해지다,7
진지하다,7
쓰이다,7
덮치기,7
작품,7
초침,7
애송이,7
하든,7
삽질,7
숙제,7
장미,7
다시금,7
선율,7
눈가,7
식히다,7
필름,7
고인,7
빌딩,7
바램,7
재다,7
기어,7
증인,7
무덤,7
아무나,7
대가,7
촌스럽다,7
숫자,7
페달,7
채운,7
가식,7
마침,7
한강,7
심연,7
힘없다,7
벌어지다,7
위엔,7
내쉬다,7
빈칸,7
거려,7
싫어지다,7
간단하다,7
쿨하다,7
물고기,7
동경,7
대론,7
어두워지다,7
자격,7
꽃길,7
험하다,7
수학,7
증거,7
숙명,7
무한,7
소스,7
생겨나다,7
보조,7
우울하다,7
구멍,7
궤도,7
목적지,7
일삼,7
삼팔,7
글렀어,7
어딨다,7
야경,7
색칠,7
강아지,7
싸가지,7
예술가,7
옹헤,7
현관,7
만이,7
계단,7
어둔,7
치열하다,7
휘청이다,7
판단,7
지난날,7
타고나다,7
저물다,7
만해,7
병들다,7
상자,7
나기,7
언덕,7
드리우다,7
재촉,7
설탕,7
전해지다,7
수다,7
깊숙하다,7
샹하이,7
해롭다,7
고서,7
기념일,7
체리,7
아이스크림,7
어쩐지,7
첫사랑,7
들뜨다,7
신호등,7
흉내,7
여유,7
동쪽,7
허우적대다,7
색다르다,7
신세계,7
방향키,7
차지,7
몰입,7
그늘,7
어떠하다,7
물러서다,7
어지르다,7
머나멀다,7
그다음,7
노랫말,7
규칙,7
캐릭터,7
자전거,7
삼다,7
맞대다,7
릴리,7
이브,7
돌멩이,7
딜레마,7
실어,7
일요일,7
동묘,7
열대야,7
쿠키,6
식사,6
음료,6
디저트,6
망치,6
기운,6
척도,6
띄다,6
애교,6
도와주다,6
손바닥,6
사로자다,6
그동안,6
그대만,6
짜증,6
머무르다,6
점심,6
사로잡히다,6
길어지다,6
족쇄,6
대단하다,6
툭툭,6
우물,6
가슴속,6
하자,6
다해,6
끄덕,6
진리,6
이맘,6
왜왜,6
삐지다,6
째다,6
영활,6
보아,6
싫어하다,6
전화기,6
입장,6
억지,6
연습,6
주먹,6
맘껏,6
붙들다,6
모퉁이,6
주입,6
항해,6
낳다,6
패배,6
찔리다,6
사귀다,6
기약,6
아버지,6
방이,6
일등,6
구분,6
막연하다,6
긁다,6
고정,6
멘트,6
선배,6
가빠지다,6
여태껏,6
슈가,6
마리,6
꼴리다,6
놀이터,6
커리어,6
마나,6
파다,6
달린다,6
수백,6
졸라,6
비싸다,6
이해해,6
정해,6
징징대다,6
부산,6
담그다,6
미지,6
후배,6
가수,6
꼭꼭,6
보고서,6
폭풍,6
구애,6
전보,6
버티고,6
바깥,6
감성,6
구기다,6
방금,6
스마트,6
여자친구,6
걔네,6
자라,6
편견,6
필연,6
오든,6
까마득하다,6
인터넷,6
기사,6
나은,6
해변,6
볼륨,6
집밥,6
시동,6
말리,6
칠흑,6
살포시,6
헛된,6
태풍,6
고래,6
알리,6
오그라들다,6
싹수,6
쫓기다,6
별일,6
조급하다,6
선악,6
정돈,6
전쟁,6
대고,6
뒤틀리다,6
찾기,6
전생,6
돋아나다,6
겨눠,6
눈꽃,6
황금,6
피리,6
붓다,6
앞길,6
기록,6
망상,6
초점,6
호흡,6
지화,6
잠식,6
묶이다,6
컴컴하다,6
초대,6
해달라다,6
그래미,6
행진,6
덤불,6
왼발,6
레몬,6
터뜨리다,6
팔레트,6
약하다,6
간파,6
악의,6
새끼손가락,6
낙서,6
과감,6
일과,6
취급,6
서늘하다,6
다야,6
징글,6
머릴,6
놨다,6
믿어지다,6
아쉬움,6
건네주다,6
아슬아슬,6
완료,6
콤달콤,6
연락처,6
잔소리,6
은근,6
알쏭달쏭,6
오후,6
창가,6
바싹,6
웃음꽃,6
직감,6
레파,6
토리,6
하늘만,6
조바심,6
만만만,6
찌잉,6
등장,6
초가,6
코치,6
단정하다,6
알아채다,6
쌀쌀하다,6
글씨,6
세고,6
치이다,6
반의,6
반도,6
그린,6
이기자,6
호우,6
떠밀다,6
주윌,6
두리,6
지붕,6
조화,6
달콤,6
템포,6
얽히다,6
머린,6
차서,6
바닷가,6
확률,6
피아노,6
텐션,6
하품,6
만화영화,6
꾸밈,6
음정,6
어젠,6
우두머리,6
싸하다,6
요새,6
아무개,6
붉은빛,6
주목,6
가리키다,6
갑작스레,6
협조,6
하느님,6
냐옹,6
나빌레,6
휘리,6
파날,6
타락,6
필요없다,5
빨간색,5
작일,5
가버리다,5
무뎌져,5
주고받다,5
산다,5
살수,5
움직,5
불쌍하다,5
자식,5
시커멓다,5
하룬,5
한텐,5
진정,5
옳다,5
지지마,5
작고,5
다그치다,5
날로,5
고도,5
밀치다,5
쓸모없다,5
앨범,5
되풀이,5
달래,5
어디가,5
한지,5
사주다,5
입히다,5
쓸리다,5
없애다,5
달도,5
단추,5
산소,5
빈자리,5
주륵,5
루루,5
주르르,5
르르르륵,5
그닥,5
아슬아슬하다,5
결정,5
법도,5
래퍼,5
폭발,5
사투리,5
부러,5
내놓다,5
타이틀,5
연습생,5
반전,5
부심,5
꼰대,5
맨발,5
백지,5
카톡,5
얄밉다,5
랩몬,5
잡지,5
반칙,5
취미,5
발음,5
내기,5
손톱,5
무리,5
친하다,5
통장,5
거래,5
지망,5
비극,5
졸업,5
깔리다,5
경적,5
뚫리다,5
잠심,5
알바,5
화끈하다,5
환희,5
백수,5
어두우,5
패딩,5
등골브레이커,5
틱틱대,5
생기,5
스케줄,5
허리,5
옷장,5
불신,5
상위,5
부재,5
공평하다,5
저렇다,5
화해,5
배경,5
비처럼,5
호기심,5
제법,5
답장,5
세수,5
호르몬,5
걸음걸이,5
실컷,5
복수,5
스펙,5
추악하다,5
박동,5
차도,5
얼리다,5
매다,5
책상,5
표류,5
코트,5
각오,5
클럽,5
작업,5
치명,5
술래,5
데려오다,5
조화롭다,5
출신,5
말라가,5
푸른색,5
버려지다,5
탱탱,5
실망,5
관객,5
수저,5
먹히다,5
덤벼,5
직업,5
빌보드,5
손안,5
송이,5
도배,5
만족,5
어루만지다,5
한시,5
버팀목,5
옷깃,5
승리,5
섭리,5
여러,5
거듭,5
포도,5
콜라,5
하루아침,5
도피,5
나라고,5
다이빙,5
발자취,5
일인,5
아우성,5
중간,5
얼룩지다,5
연극,5
정원,5
학교종,5
지금껏,5
모래,5
저쩌,5
거린,5
공감,5
평행,5
빗속,5
보색,5
꾹꾹,5
우윳빛,5
낮잠,5
티르,5
축배,5
편안하다,5
볼품,5
무너,5
한낮,5
샴푸,5
알람,5
오른발,5
혀끝,5
몸부림,5
덜컥,5
처음처럼,5
미끄러지다,5
따분하다,5
포개다,5
하소,5
심다,5
요정,5
생애,5
전세기,5
잔치,5
불멸,5
시스템,5
이득,5
동그랗다,5
굴러가다,5
오른쪽,5
바람결,5
치료,5
장소,5
날아오다,5
하나요,5
비틀비틀,5
터치,5
씻기다,5
베일,5
셔츠,5
바닐라,5
움츠리다,5
머뭇거리다,5
고요하다,5
자그마하다,5
일분,5
헌터,5
떠가다,5
벅차오르다,5
친절하다,5
오월,5
다한,5
명도,5
신비하다,5
팔로,5
부란,5
새까맣다,5
봄바람,5
어느덧다,5
훑다,5
엉뚱하다,5
호시,5
조절,5
벼랑,5
몰다,5
소심하다,5
보통,5
벌리다,5
한쪽,5
캔버스,5
색감,5
코끝,5
짧아지다,5
정적,5
말풍선,5
옷자락,5
질리,5
가만있다,5
괜스레,5
나머지,5
노랫소리,5
장전,5
빠져나오다,5
얼핏,5
검은색,5
음소거,5
가려지다,5
울림,5
응원,5
재질,5
내딛다,5
과열,5
자네,5
유일,5
공유,5
리가,5
뚝딱,5
전속력,5
녹슬다,5
사르르,5
주의,5
되찾다,5
쟤넨,5
빛바랜,5
친절,5
프로,5
둥글다,5
교차,5
어항,5
마구,5
첫날,5
별안간,5
해치다,5
밭길,5
불확실하다,5
여왕,5
퓨마,5
정물,5
잠잠하다,5
깜박,5
아베마리아,5
눈부심,5
마녀,5
돌파,5
부담,4
올려주다,4
늘어놓다,4
눈길,4
쓰라리다,4
담배,4
마라톤,4
브레이크,4
초도,4
마중,4
노래방,4
예헤,4
연예인,4
섭섭하다,4
팔이,4
주저앉다,4
밀당,4
네겐,4
갑작스럽다,4
기한,4
우기다,4
앞서다,4
듣기,4
부리,4
결심,4
치유,4
려고,4
배려,4
시리,4
대장,4
두르다,4
굴레,4
오예,4
뭉클하다,4
한편,4
왈칵,4
별명,4
솔로,4
대학,4
졸리다,4
실력,4
덜다,4
끝판,4
재수,4
택했다,4
커버,4
많아지다,4
갈라지다,4
리더,4
차례대로,4
고막,4
저격,4
눈웃음,4
애인,4
민트,4
주식,4
공장,4
열등감,4
워리어,4
도려내다,4
향연,4
상도,4
아따,4
잡수다,4
한국말,4
안일,4
웒안,4
너뿐이,4
자세하다,4
흐름,4
빵빵,4
일어서다,4
벌레,4
소비,4
부모,4
줄다,4
콩깍지,4
드넓다,4
것일,4
조여,4
참견,4
안달,4
동시,4
어필,4
대기,4
깨물다,4
섹시하다,4
향수,4
방아쇠,4
좇던,4
나름,4
수능,4
함정,4
남부럽다,4
애기,4
패기,4
평행선,4
머리카락,4
일방,4
대사,4
짝사랑,4
도장,4
악보,4
흐리다,4
샤워,4
미묘하다,4
중인,4
이치,4
성화,4
멘션,4
식상하다,4
음식,4
배배,4
자제,4
바디,4
댄스,4
금요일,4
딕션,4
혐오,4
남산동,4
결과,4
뱃속,4
당황,4
어두움,4
쪽팔리다,4
하란,4
장르,4
서른,4
위스키,4
여야,4
달력,4
방송,4
비등,4
해먹,4
비비다,4
바비,4
벗기다,4
삼가다,4
하필,4
설익다,4
공이,4
쩌렁,4
흥이,4
증발,4
좌절,4
공원,4
바스라지다,4
백만,4
나리,4
쎄다,4
속상하다,4
원대하다,4
전세계,4
박살,4
화풀,4
지우,4
창작,4
고딩,4
귀가,4
발버둥치다,4
패턴,4
매듭,4
가능,4
갈색,4
일로,4
위함,4
찢기다,4
순결하다,4
개미,4
아들내미,4
조이다,4
번은,4
대입,4
스타,4
만끽,4
영광,4
모래알,4
모드,4
근거,4
환경,4
도화지,4
앞뒤,4
헛돌고,4
직전,4
낭만,4
올려다보다,4
초조하다,4
줄이다,4
추하다,4
부수,4
여지,4
드러내다,4
맑다,4
직선,4
애매하다,4
나날,4
빛깔,4
괴로움,4
환생하다,4
아지랑이,4
환호,4
무서움,4
반딧불,4
뉴런,4
뱅글,4
대령,4
멍하다,4
마르고,4
내려앉다,4
은밀,4
불현듯,4
뛰어넘다,4
도약,4
해프닝,4
해소,4
존중,4
무감각,4
선의,4
웬수,4
폐허,4
어깬,4
적막하다,4
마하,4
총성,4
낮다,4
곧바로,4
저런,4
왜인,4
물이,4
파란색,4
안경,4
해당,4
빼앗다,4
어어,4
소금,4
갈수,4
간질,4
저리다,4
오잉,4
꼼짝,4
읽히다,4
멜로,4
해주,4
향기롭다,4
무작정,4
별보,4
그리움만,4
로움,4
제나,4
바랜,4
속지,4
시크,4
쇄골,4
야릇하다,4
숨막히다,4
종소리,4
밤새우다,4
늦잠,4
아슬하다,4
로맨스,4
힐끔,4
입지,4
이슬,4
발칙하다,4
타이밍,4
스케치,4
피날레,4
반짝임,4
재고,4
칭얼대다,4
치우다,4
빙수,4
쓸데없다,4
숨가쁘다,4
지면,4
부신,4
열쇠,4
질색,4
빼놓다,4
지하철,4
고집,4
그까짓,4
그릇,4
대감,4
달밤,4
모레,4
수나,4
마음껏,4
쏟아내다,4
속마음,4
여주,4
깍지,4
아뿔싸,4
푸다,4
전의,4
짜이다,4
지긋지긋하다,4
대치,4
얕다,4
아저씨,4
볼일,4
행여,4
폭죽,4
줄어들다,4
흐릿하,4
어리숙하다,4
꼬집다,4
엔진,4
우지,4
세면,4
모자,4
운전,4
두시,4
이율,4
걷어차다,4
북극성,4
늦어지다,4
두리번거리다,4
이겠다,4
떠나오다,4
쇠뿔,4
셔터,4
하찮다,4
난나,4
절정,4
벗겨지다,4
담장,4
반짝거리다,4
거미,4
나아지다,4
서버,4
동선,4
갈피,4
포즈,4
섬광,4
연주,4
심술,4
원함,4
쓰리다,4
영웅본색,4
잔혹하다,4
결점,4
떠들썩하다,4
뽕짝,4
플랜,4
김포,4
조합,4
아딜,4
아키,4
슈라포,4
감미롭다,4
칠구사이,4
녹지,4
자그맣다,4
갈아입다,4
구육,4
용띠,4
얼레,4
꼴레,4
틈새,4
희한하다,4
꺼리다,4
대표,4
벼락,4
이미지,4
멋쩍,4
자락,4
긋다,4
자의,4
드러나다,4
아기,4
치도,4
양보,4
이탈,4
라떼,4
못마땅하다,4
컬러,4
이웃,4
갈팡질팡,4
헛갈려,4
나른하다,4
십초,4
충고,4
출렁이다,4
불가능,4
매료,4
드루,4
망각,4
세월,4
개연,4
아로새기다,4
헤집다,4
지끈,4
꿍실,4
벙어리,4
곤두박질,4
목요일,4
보랏빛,4
안도,4
대일,4
맺힌,4
빵상,4
겸손,4
박차,4
부시,4
슈르슈르르,4
휘파람,4
스둡,4
이분,4
고진,4
뇌속,4
육하원칙,4
상큼,3
혼나다,3
여친,3
흘러나오다,3
사나,3
힘겹다,3
거구,3
토라,3
어르다,3
올라서다,3
시점,3
잡초,3
먹듯,3
해바라기,3
늘어지다,3
심리,3
거더,3
쇼핑,3
모순,3
만지다,3
헌신,3
쓸모,3
하디,3
모질다,3
싸구려,3
기간,3
마일리지,3
일어나지,3
비난,3
대한민국,3
후퇴,3
심각하다,3
너완,3
구해,3
본체,3
독하다,3
목걸이,3
생활,3
당분간,3
백이,3
다이아,3
바닷물,3
상속,3
구차하다,3
타투,3
날좀,3
분위,3
더위,3
의하다,3
좌우,3
동전,3
머릿결,3
도도,3
방안,3
몸매,3
가래,3
돼지,3
장단,3
잘생기다,3
지민,3
지리다,3
전국,3
연습실,3
이중,3
아마추어,3
메이저,3
어린이,3
코앞,3
갖추다,3
미랠,3
남자친구,3
가차,3
트랙,3
보일러,3
아메리카노,3
야속하다,3
쓰기,3
사인,3
도박,3
파묻히다,3
왕국,3
면허,3
다인,3
학생,3
수긍,3
교복,3
꼰대들,3
가방,3
선글라스,3
벅벅,3
대중,3
논란,3
세운,3
직접,3
추태,3
거들다,3
난리,3
간문제,3
안녕하다,3
오메,3
발의,3
아인,3
크기,3
촌놈,3
정직하다,3
엊점연,3
엇얿,3
임연,3
앋오,3
암도,3
발렌타인,3
제이,3
놀이,3
싸이다,3
격해지다,3
폭행,3
으르렁,3
한판,3
부리면,3
신세,3
점프,3
꼬맹이,3
수년,3
애로,3
행위,3
타지,3
어데,3
천지,3
덜덜,3
시기하다,3
들고파다,3
성적,3
찰랑이다,3
싱그럽다,3
이상형,3
부다,3
여신,3
달링,3
복도,3
돌아다니다,3
능숙하다,3
무관심,3
다행하다,3
성의,3
팔다,3
돌이,3
불법,3
비례,3
한국,3
영어,3
지껄이다,3
팽이,3
똘끼,3
수준,3
경고,3
범인,3
마무리,3
단위,3
질끈,3
동생,3
말끝,3
우산도,3
흥얼거리다,3
노크,3
시큰하다,3
정처,3
우두커니,3
노리다,3
벌이,3
조만간,3
떨치다,3
생도,3
꿀꺽,3
다다르다,3
과녁,3
웃기다,3
짹짹,3
배터리,3
소통,3
옷차림,3
하이힐,3
연구,3
상실,3
이마,3
이윤,3
명작,3
화나다,3
원망,3
조르다,3
바랬어,3
태반,3
믹스테잎,3
꽃말,3
얄팍하다,3
얽매이다,3
치마,3
선비,3
방종,3
담보,3
데칼코마니,3
채찍,3
내면,3
동료,3
수식어,3
목숨,3
서커스,3
개시,3
안해,3
초면,3
택했어,3
사서,3
신지,3
안대,3
해지,3
논현동,3
사용,3
뭉치다,3
기계,3
온전,3
걔넨,3
어깨춤,3
씻다,3
쓰다듬다,3
사춘기,3
출처,3
치면,3
마련,3
하늘아래,3
아지,3
자랑스럽다,3
지탱,3
외딴,3
꼬마,3
고요,3
저절로,3
금수,3
취했어,3
소모,3
만점,3
인간관계,3
양해,3
투입,3
줍다,3
비법,3
정치,3
정신차리다,3
사라,3
괴리감,3
공연,3
방시혁,3
천재,3
스무살,3
뉴스,3
건강하다,3
동물원,3
클릭,3
손목,3
거닐다,3
초등학교,3
형태,3
십대,3
탄생,3
적의,3
깃털,3
훨훨,3
무거워,3
나팔,3
보탬,3
뚝섬,3
섬기다,3
죽여주다,3
서리다,3
치르다,3
차트,3
곰팡이,3
삼색,3
순위,3
매진,3
사과,3
피로,3
티끌,3
미랜,3
범죄,3
일해,3
안전하다,3
케미,3
포인트,3
성과,3
해저,3
만리,3
백조,3
주제,3
가려진,3
피땀,3
젊음,3
색채,3
약점,3
훈장,3
헤이러,3
행보,3
별자리,3
수풀,3
파랑,3
질질,3
책임,3
열매,3
실망하다,3
숨죽,3
불리다,3
추진,3
꽹과리,3
환호성,3
저음,3
개인,3
오만,3
질서,3
식지,3
문장,3
도움,3
다잡다,3
떡볶이,3
하늘빛,3
교실,3
옥상,3
미끄럼틀,3
가루,3
불꽃놀이,3
걸론,3
아찔아찔하다,3
입안,3
발목,3
시곌,3
토닥이다,3
씌우다,3
은색,3
무사하다,3
휴식,3
만하,3
도무지,3
시공간,3
아파해,3
감수,3
비명,3
굴복,3
삽시간,3
예의,3
재능,3
착지,3
방문,3
마치다,3
집어넣다,3
게으름,3
평가,3
극적,3
동물,3
자본,3
탐욕,3
제자리걸음,3
잠기,3
올해,3
뛰어놀다,3
물러나다,3
서랍,3
고이,3
부지런하다,3
비틀,3
혈액형,3
심정,3
재킷,3
굉장하다,3
뼛속,3
얌전하다,3
구두,3
이제껏,3
얼룩,3
분홍,3
외치,3
나땜,3
끄덕이다,3
감사,3
급격하다,3
커브,3
라인,3
다려지다,3
사연,3
열중,3
칼로리,3
링크,3
따내다,3
비겁하다,3
아슬,3
아른거리다,3
더듬다,3
뻑이,3
수수께끼,3
꿈일,3
소란,3
부케,3
푸른밤,3
스미다,3
마중가,3
비누,3
구속,3
쟁취,3
엉덩이,3
심심하다,3
색색,3
스트레스,3
스푼,3
써리다,3
굿나잇,3
냉정하다,3
거닌대,3
적히다,3
삐뚤어지다,3
뒷걸음질,3
정작,3
입도,3
인분,3
이만,3
자막,3
토닥토닥,3
한구석,3
모음,3
있을런,3
잦다,3
주오,3
수위,3
곧장,3
빛낼,3
현기증,3
겸손하다,3
튕기,3
오감,3
갈구다,3
나선,3
세심,3
아침밥,3
재우다,3
건조하다,3
기초,3
뿔테,3
노후,3
공격,3
프펠,3
도문,3
오묘하다,3
내달,3
멸시,3
뿌리치다,3
흥건,3
매사,3
생생하다,3
차곡차곡,3
손님,3
월척,3
사전,3
뚜뚜뚜르,3
달고나,3
달구,3
맥주,3
깨우치다,3
감흥,3
애석하다,3
몽롱,3
무려,3
식탁,3
네온사인,3
촉감,3
단비,3
살피,3
거니,3
건너편,3
팔베개,3
등지,3
차별,3
지경,3
저지르다,3
아물다,3
무의식,3
더더,3
트라우마,3
맹수,3
구역,3
기차,3
애도,3
앙상블,3
방해,3
기부,3
꿈결,3
차오,3
무러,3
이어진,3
차차,3
큐브,3
길일,3
알맞다,3
버거운,3
버펄로,3
숨셔,3
엘사,3
일직선,3
결승선,3
쫓아오다,3
대기권,3
불시,3
로이,3
커서,3
서핑,3
완벽,3
검색,3
솔깃하다,3
늦추다,3
좀처럼,3
휘날리다,3
스무,3
세리머니,3
이루,3
유성우,3
침착하다,3
물방울,3
합치다,3
피지,3
부로,3
엔딩,3
이기심,3
쌍둥이,3
스테이지,3
푸른빛,3
주네,3
나열,3
헤져버려,3
가파른,3
대낮,3
방주,3
질주,3
이내,3
그을리다,3
화음,3
화상,3
체온,3
딜리,3
페인,3
비운,3
악장,3
여백,3
숲속,3
꽃밭,3
암흑,3
날갯짓,3
맞춤,3
쿵짝,3
성웅,3
동동,3
가벼워지다,3
뽑다,3
칠초,3
삼초,3
한바탕,3
소동,3
올바르다,3
도저히,3
풍파,3
잠재우다,3
라따,3
비상,3
번역,3
쉼푤,3
동갑,3
호랑이,3
썰물,3
허물,3
벤자민,3
세차,3
화염,3
달구다,3
세모,3
내비,3
가랑비,3
가랑이,3
케이스,3
마른하늘,3
대가리,3
상실하다,3
젊은이,3
버르장머리,3
직행,3
반지,3
위기,3
유독,3
먹기,3
주눅,3
히죽,3
모닥불,3
줄줄이,3
전체,3
기세,3
타도,3
냉전,3
지게,3
에어컨,3
얼떨떨하다,3
너튜뷰,3
뱅뱅,3
애증,3
연남동,3
사심,3
팽창,3
가늠,3
굴리,3
제도,3
빵빠레,3
위아래,3
힘쓰다,3
폭탄,3
쾌락,3
약도,3
중얼,3
엎치락뒤치락,3
나머진,3
피우지,3
금메달,3
해진,3
세어도,3
발칵,3
모만,3
루저,3
위너,3
닥치,3
무질서,3
차디차다,3
드럽다,3
오만하다,3
인내심,3
울적하다,3
최애,3
뒤집힌,3
삼일,3
사르,3
인지,3
확실,3
복불복,3
살갗,3
서성,3
가솔린,3
쉼표,3
따옴표,3
희생,3
이명,3
마취,3
업다,3
소복소복,3
사랑받다,3
수술,3
별의별,3
연꽃,3
미화,3
쪽잠,3
뭉근히,3
배포,3
틀어쥐다,3
안식처,3
초록색,3
물꽃,3
산뜻하다,3
겨눌,3
봄비처럼,3
꾸짖다,3
런가,3
킥킥대다,3
에메랄드,3
오션,3
전해질,3
리리,3
보라색,3
무료,3
시큼하다,3
가줄,3
귀로,3
썰매,3
장마,3
해파리,3
굽다,2
재료,2
충치,2
불안감,2
저번,2
혜진,2
지원이,2
윤기,2
심박수,2
갈라,2
서운하다,2
않을런,2
페이스,2
타협,2
비온뒤,2
선두,2
트럭,2
날아들다,2
덤비다,2
통과,2
구나,2
껍질,2
빠져나가다,2
치즈,2
짐승,2
돌부리,2
등대,2
코끼리,2
개구리,2
두루미,2
접시,2
밀리,2
헤메,2
마다,2
고치,2
광대,2
장난감,2
낫다,2
그렇겐,2
톱스타,2
상하,2
옮기다,2
창피하다,2
잠수,2
피해자,2
지각,2
여보,2
분하다,2
알아듣다,2
서럽다,2
다다,2
린다,2
찬성,2
티비,2
부러워하다,2
주기,2
밤배,2
나래,2
묘사,2
보답,2
저울,2
감촉,2
고가,2
막차,2
앞두다,2
굶다,2
테잎,2
최신,2
한결,2
컨셉,2
운동,2
불만족,2
멘탈,2
넘버원,2
회말,2
사회,2
억압,2
주어,2
오줌,2
정국,2
남준,2
칭찬,2
집도,2
몬스터,2
충실하다,2
불가능하다,2
에픽하이,2
가산,2
와중,2
버튼,2
삼십,2
남친,2
관대하다,2
썰다,2
가능성,2
포부,2
먹이다,2
열폭,2
모태,2
공존,2
빡세,2
반달,2
마끼아또,2
불장난,2
남자라면,2
알렉산더,2
김남준,2
공인,2
식구,2
약육강식,2
초과,2
주제가,2
꼭두각시,2
또래,2
단번,2
매니아,2
게으르다,2
드립,2
발전,2
활동,2
대상,2
가뿐하다,2
명치,2
자빠뜨리다,2
미노,2
상남자,2
카모,2
구수하다,2
씨부리다,2
가가,2
아나바다,2
스마,2
남인,2
시방,2
브러,2
구녕,2
무등산,2
있엊워,2
솢웅,2
뵈다,2
짍읝읻오,2
등잔,2
거인,2
싸이코,2
식견,2
점수,2
수염,2
시속,2
짜들다,2
마감,2
널다,2
바느질,2
자부심,2
신병,2
애벌레,2
니넨,2
도메인,2
마이크로,2
여럿,2
언행,2
하와이,2
엎어,2
해대,2
막상,2
답시고,2
꼬리표,2
팔리다,2
불가,2
허용,2
히어로,2
어중간,2
하단,2
컨트롤,2
정지,2
교육,2
등골,2
개념,2
브레이커,2
걸리버,2
시비,2
가나다,2
라마,2
바사,2
바둥,2
가노,2
안나,2
제주도,2
제주,2
짜증나다,2
빡빡,2
핸드백,2
수영,2
감상,2
나팔꽃,2
반바지,2
때때론,2
운동화,2
식이,2
포위,2
절로,2
년차,2
작년,2
신인,2
앉히다,2
과목,2
악플,2
벌스,2
가난하다,2
깎다,2
닌자,2
관점,2
언니,2
삐삐,2
비글,2
맛보기,2
간식,2
압구정,2
곳곳,2
객기,2
묵직하다,2
농락,2
먹이사슬,2
허투루,2
싸대기,2
장식,2
본심,2
스토리,2
헛수,2
우정,2
죄인,2
받치다,2
꿋꿋,2
뽀뽀,2
최면,2
꿈틀,2
맑음,2
메모장,2
시일,2
안부,2
숙소,2
곳도,2
알리다,2
이처럼,2
청각,2
내려다보다,2
술술,2
재채기,2
유치원,2
철썩,2
업적,2
흑심,2
풀이,2
개그,2
센스,2
로또,2
정보화,2
군대,2
먹고다,2
쉬웅,2
백백,2
기침,2
방정식,2
일루,2
라지,2
범위,2
제스쳐,2
컴퓨터,2
학습,2
전이,2
밀착,2
교집합,2
이력서,2
당시,2
고수,2
송두리째,2
무딘,2
역전,2
구걸,2
음악처럼,2
차피,2
시너지,2
시끌벅적하다,2
묵묵하다,2
어쩌겠,2
추석,2
냉소,2
거지같다,2
파리,2
배알,2
에이,2
설거지,2
레벨,2
부비,2
기미,2
정체,2
성적표,2
때완,2
절실,2
분야,2
산이,2
켤레,2
로우,2
컨버스,2
파래,2
기지,2
벽지,2
엊그제,2
불투명하다,2
몇번,2
래서,2
난생,2
월세,2
길가,2
공정하다,2
밀물,2
너무하다,2
언론,2
제압,2
야야,2
유럽,2
나비효과,2
오버,2
집안,2
빛바,2
매도,2
팔도,2
자물쇠,2
무전,2
스티커,2
짚다,2
고엽,2
빨래,2
페이,2
상사,2
다린,2
초원,2
사선,2
객석,2
박수갈채,2
원인,2
대인기피증,2
빗나가다,2
예약,2
밥그릇,2
약질,2
전향,2
부와,2
가위바위보,2
수입,2
안드레,2
안하무인,2
방망이,2
로기,2
덕좀,2
대기업,2
대학가,2
우울증,2
갈등,2
오염,2
보상,2
좆밥,2
주소,2
세이,2
체조,2
배달,2
씨발,2
부여잡다,2
빡때려,2
예선,2
계산서,2
생활비,2
외제,2
진작,2
마땅하다,2
곱씹다,2
플레이어,2
내년,2
해이,2
인스타,2
면상,2
어중간하다,2
키보,2
건반,2
비약,2
달려들다,2
성심,2
새싹,2
연약하다,2
구리다,2
비디오,2
화양연화,2
불면,2
디디다,2
지은,2
조건,2
율법,2
신기하다,2
책장,2
수모,2
예정,2
잡음,2
콘서트,2
맛없다,2
봉송,2
숑숑,2
각막,2
선악과,2
지불,2
적금,2
쥐구멍,2
월화,2
수목,2
허비하다,2
부풀리다,2
리기,2
토박이,2
매경,2
마일리,2
에어플레인,2
다듬어지다,2
품속,2
모토,2
파헤치다,2
낙관,2
주의자,2
고해,2
케이크,2
가뭄,2
도울,2
욕구,2
공상,2
그물,2
앨리스,2
호그와트,2
상일,2
짬밥,2
영하,2
미디어,2
혜택,2
깔깔,2
셀럽,2
진흙,2
혼돈,2
사일,2
위태롭다,2
달리기,2
자기혐오,2
진실하다,2
신호탄,2
거창하다,2
스타디움,2
몹시,2
오우,2
슈퍼히어로,2
이십사시,2
적지,2
명의,2
바운스,2
형성,2
동작,2
오르락내리락,2
산산조각,2
뿌옇다,2
비치,2
그네,2
툭하면,2
역겹다,2
잘해야,2
산책,2
무지개다리,2
푸르른,2
온대,2
캄캄해지다,2
호통,2
짠하다,2
과음,2
초인종,2
다녀오다,2
들꽃,2
노려보다,2
취기,2
소명,2
아른대다,2
꿰뚫다,2
관심사,2
이카루스,2
무르팍,2
핍박,2
난건,2
스텝,2
멤버,2
무리하다,2
던전,2
역할,2
오류,2
수업,2
에스컬레이터,2
정전기,2
전류,2
건전지,2
롤러코스터,2
입속,2
분침,2
겹칠,2
아릿하다,2
빛과,2
쬐다,2
공교,2
장공,2
똥밭,2
꽃들이,2
당하다,2
쉽겐,2
스킵,2
호기롭,2
속인,2
도덕,2
분뇨,2
사건,2
한결같다,2
주연,2
너울거리다,2
피터팬,2
데인,2
서글퍼지다,2
서기,2
파괴,2
초심,2
과건,2
주리,2
소주,2
구치소,2
비단,2
적막,2
해독,2
고단,2
일정,2
꿀꿀하다,2
창공,2
업보,2
부담스럽다,2
지혜,2
대립,2
양극화,2
돌연변이,2
이념,2
빡치다,2
얹다,2
티키타카,2
쓰레기,2
시곈,2
방학,2
오르막,2
내리막,2
거세지다,2
서슬,2
퍼렇다,2
블루,2
파동,2
잠자다,2
동아,2
불안전,2
절뚝거려,2
벼벼벼병,2
거거거겁,2
외모,2
말걸,2
까불다,2
가슴앓이,2
울먹이다,2
더디다,2
무늬,2
매정하다,2
요술,2
부시다,2
라리,2
알러지,2
찌릿하,2
폴짝,2
열한,2
스캔,2
베버리힐스,2
에버레스트,2
벨소리,2
나볼,2
시나리오,2
응쌰,2
치가,2
허우적거리다,2
새장,2
울음,2
캔디,2
스탠바이,2
대롱,2
메롱,2
상쾌하다,2
전율,2
바랬는데,2
독해,2
아른,2
애절하다,2
자태,2
기척,2
숨바꼭질,2
모조리,2
촉촉,2
신비,2
적절하다,2
여유롭다,2
은은하다,2
돛대,2
꽃송이,2
곡선,2
시트,2
향초,2
베인,2
하이라이트,2
바랬,2
어지러워지다,2
골목길,2
벌이다,2
유분수,2
죽겠네,2
대보다,2
베리,2
외계인,2
비결,2
우유부단하다,2
진담,2
발끈,2
간판,2
지니,2
스킨십,2
열두시,2
모여들다,2
페이지,2
이렇겐,2
꼬시려,2
마트,2
구매,2
어리광,2
베개,2
안거,2
미러,2
유별나다,2
발상,2
아차,2
폭풍전야,2
진전,2
옆구리,2
간격,2
강탈,2
따라잡다,2
압력,2
어쩌다가,2
부족,2
뭔갈,2
때찌,2
포함,2
무뚝뚝하다,2
안쪽,2
이의,2
불량,2
동공,2
스무고개,2
답변,2
딴말,2
워워,2
틀어지다,2
아려,2
선뜻,2
빈집,2
높아지다,2
삐뚤다,2
꽁꽁,2
실험,2
나노,2
볼걸,2
투덜대다,2
크리스마스,2
둘러보기,2
재미있다,2
무중력,2
밤낮,2
떠지다,2
말듯,2
뜬금,2
한마딘,2
루비,2
새미,2
잔디,2
반나절,2
찡하다,2
스위치,2
되새기다,2
원점,2
불필요하다,2
비꼬다,2
죄책감,2
처지다,2
바이오리듬,2
히트치다,2
두뇌,2
가선,2
가쁜,2
감지,2
초적,2
맥박,2
내적,2
각도,2
움찔,2
전과,2
단물,2
수근,2
휘청거리다,2
걷기,2
정확하다,2
레이저,2
이전,2
칠해,2
물구나무,2
다이어리,2
체크,2
아이러니,2
귓속,2
너그럽다,2
넓어지다,2
대완,2
구심,2
미꾸라지,2
먹잇감,2
드러눕다,2
주의보,2
발령,2
둘러대다,2
잔고,2
의식,2
살피다,2
유화,2
중임,2
웅크리다,2
설계,2
돌기,2
걱정스럽다,2
콩글리시,2
자릿수,2
고마움,2
오전,2
칠리,2
매년,2
신바람,2
사시,2
사철,2
맵다,2
매우,2
데미지,2
비탈길,2
모니터,2
무심코,2
개척,2
티켓,2
크루,2
지지,2
부질없다,2
양옆,2
영역,2
항로,2
함부로,2
거미줄,2
속박,2
뷰파인더,2
더듬이,2
바삐,2
부둥키다,2
다시없다,2
새벽녘,2
밝아지다,2
평의,2
돗자리,2
반환,2
부릅뜨다,2
클라이맥스,2
헹가래,2
아웃,2
나와라,2
순서대로,2
허상,2
메트로놈,2
부주의하다,2
접근,2
가늘다,2
비밀번호,2
신비롭다,2
율동,2
오분,2
나지막하다,2
병렬,2
센티,2
슬슬,2
부풀,2
붐비다,2
탈출,2
손잡이,2
분주하다,2
무방비,2
심호흡,2
수평선,2
입꼬릴,2
불쑥,2
월요일,2
고속도로,2
폭포,2
휘감다,2
다발,2
찌뿌둥했던,2
산더미,2
궁금,2
냉동,2
중천,2
모닝커피,2
디카,2
일원,2
베토벤,2
마시기,2
비타민,2
말론,2
핑곌,2
느긋하다,2
답지,2
사월,2
늦봄,2
오케이,2
기강,2
가격표,2
파형,2
걸이,2
쌓이네,2
긍지,2
바꿈,2
성실하다,2
수행,2
의봉,2
움츠러들다,2
우아하다,2
어가,2
눈맞춤,2
공통,2
자음,2
쿵치,2
팍치,2
합창,2
좀비,2
끙끙대다,2
눈망울,2
다급하다,2
드릴,2
한적하다,2
안심,2
칠기,2
허무하다,2
품행,2
불티,2
몰락,2
특이하다,2
소나타,2
섬세하다,2
찬가,2
모서리,2
휴지통,2
서쪽,2
필터,2
살얼음,2
퍼센트,2
비중,2
땀방울,2
밑줄,2
공책,2
텔레파시,2
오른손,2
코드,2
시오,2
중일,2
범생,2
개쩌,2
귀염둥이,2
뻗치다,2
밤늦다,2
대사도,2
깃발,2
고문,2
만들어지다,2
딱지,2
방방곡곡,2
도파민,2
강산,2
시리우스,2
소문,2
몰려들다,2
부숴내,2
뮬러,2
이치고,2
큰물,2
무리다,2
미지근하다,2
찍히다,2
유지,2
나날이,2
자신감,2
유명,2
지폐,2
거절,2
아랜,2
한자,2
지인,2
낙하,2
지점,2
박아,2
장치,2
부쩍,2
서서히,2
속력,2
청해,2
사색,2
안정감,2
팔랑,2
임팩트,2
정식,2
손해,2
보탰어,2
모임,2
추가,2
일부러,2
사사롭다,2
날짜,2
심해지다,2
십자가,2
가빠,2
곡예,2
허구,2
불구,2
지적,2
재산,2
트렌드,2
온갖,2
상상력,2
물자,2
행성,2
시급하다,2
배꼽,2
폭소,2
구미,2
거실,2
외부,2
요령,2
차단,2
싱숭생숭,2
끼린데,2
막판,2
퍼트,2
시경,2
소각,2
설치다,2
앞장서다,2
사납다,2
예리하다,2
출시,2
고글,2
마흔,2
변칙,2
짐작,2
능청,2
방심하다,2
꺄르륵,2
체력,2
가상,2
반박,2
치의,2
가녀리다,2
별다르다,2
시민,2
결박,2
양쪽,2
알고리즘,2
종점,2
패거리,2
맛탱,2
진동,2
루틴,2
적나라하다,2
뭉치,2
배짱,2
유산,2
뚜껑,2
스님,2
환장하다,2
튀기다,2
무지,2
손아귀,2
튤립,2
문밖,2
더니,2
넓히다,2
장애물,2
에피소드,2
홀가분하다,2
치자,2
지호,2
마스카라,2
사양,2
새삼스럽다,2
팔자,2
추기,2
뒤로,2
딸꾹질,2
똑똑,2
탄산,2
바이브,2
배신,2
놨던,2
할머니,2
동네,2
농땡,2
철부지,2
아지트,2
쌀알,2
달걀,2
박차다,2
눈살,2
부르트다,2
세곈,2
싸인,2
안속,2
반기,2
가챠,2
대박,2
자감,2
현생,2
또렷하다,2
도달,2
구경해,2
충돌,2
택해,2
찬미,2
초록,2
형벌,2
권능,2
증표,2
저항,2
달라붙다,2
전환,2
빼앗기다,2
끔찍하다,2
가혹하다,2
난생처음,2
초월,2
공중,2
황혼,2
대책,2
대폭발,2
습관성,2
시도,2
폴라로이드,2
나대다,2
둠칫,2
애매,2
모호,2
암호,2
필살기,2
냉정,2
그럴듯하다,2
센치,2
뛰어내리다,2
복선,2
뒤편,2
무식하다,2
느낌표,2
원동력,2
비대,2
부리고,2
박탈,2
방화,2
사유,2
난폭하다,2
만일이,2
담담하다,2
카이사르,2
메모리,2
심장소리,2
들판,2
꿀벌,2
달콤한걸,2
천구백구십삼,2
다사,2
다난하다,2
역경,2
저편,2
무차별,2
노이즈,2
정보,2
등진,2
후횐,2
열렬하다,2
서지,2
제거,2
경로,2
내딘,2
고독,2
소멸,2
배당,2
아랫입술,2
윗입술,2
무언,2
배송,2
구제,2
빈티지져스,2
세미나,2
청담동,2
트렁크,2
나이트,2
감시,2
또르,2
소리내다,2
모래사장,2
주렴,2
스르,2
다독이다,2
밤밤,2
리해,2
솜사탕,2
미래엔,2
파란빛,2
가쁘,2
핏빛,2
하얀색,2
노란색,2
핑크색,2
차마,2
외침,2
묘약,2
꿈길,2
흉짐,2
사다리,2
푸릇,2
쌉싸름하다,2
위엄,2
이쁜이,2
가로막히다,2
팔방,2
널브러진,2
택했,2
강림,2
손대다,2
볼트,2
전기,2
체계,2
갱신,2
탈옥,2
증언,2
고삘,2
겁내,2
택할,2
튀어나오다,1
레시,1
다이어트,1
자신만만하다,1
낭비하다,1
은행,1
노랫,1
줄줄,1
수상하다,1
이세,1
내사,1
바랬나봐,1
어지럽히다,1
천일이,1
레이스,1
흥분하다,1
혈압,1
백신,1
그땔,1
나방,1
된장,1
퍼먹,1
전봇대,1
번지르르,1
오매불망,1
준마,1
황당,1
빈털터리,1
웃는걸,1
의례,1
보채다,1
미니홈피,1
인양,1
활해,1
수화기,1
지성,1
운하,1
쥐완,1
살다보면,1
쓴웃음,1
대견하다,1
장님,1
여우,1
지원,1
찍어내다,1
지침,1
이예,1
장난스럽다,1
행실,1
치근대다,1
술버릇,1
난감,1
유효,1
일어나고,1
뒷문,1
애우,1
하래,1
을해,1
악순환,1
촉박하다,1
하는덴,1
기웃,1
말씀,1
헝클어지다,1
서질,1
한마딜,1
여자라서,1
들추다,1
허튼,1
내숭,1
원치않다,1
전사,1
가닥,1
태엽,1
먹거리,1
제어,1
사정,1
조권,1
쵸코,1
케잌,1
맹세코,1
토네이도,1
링컨,1
왼손잡이,1
딸기,1
수법,1
테이블,1
신조,1
레진,1
딴사람,1
시가,1
출근길,1
추위,1
눈물나다,1
야위다,1
안쓰럽다,1
우스,1
만년,1
숨키,1
연예,1
까먹다,1
독서실,1
등교,1
장래희망,1
공무원,1
구원투수,1
야자,1
돌직구,1
특별사면,1
우물쭈물,1
쌔끈,1
혓바닥,1
여성,1
사탄,1
가탄,1
리본,1
좀생이,1
폼페이,1
마려,1
폼내,1
세팅,1
열흘,1
타파,1
고만고만하다,1
김장,1
최근,1
예명,1
보컬,1
태형,1
비림,1
스케일,1
볼펜,1
깨부수다,1
컨택,1
속칭,1
당한,1
에미넴,1
가리온,1
맹신,1
고등학생,1
새치,1
나가야,1
관념,1
남발,1
눈꼴,1
살살하다,1
요로,1
단두대,1
싹둑,1
도깨비,1
감투,1
일상생활,1
백팔번뇌,1
요가,1
줏대,1
대판,1
홍길동,1
교체,1
까불지마,1
리트윗,1
코스튬,1
이슈,1
병원,1
전치,1
주감,1
판치다,1
미필,1
화질,1
쇼팽,1
절때,1
멘토,1
메멘토,1
무력감,1
아이피,1
스포일러,1
힙찌질일,1
근본,1
뒷맛,1
씁쓸하다,1
잘잘못,1
기류,1
캬라멜,1
에스프레소,1
택했던,1
여쭈다,1
인종차별,1
릭오웬스,1
앤드,1
뮬뮈스,1
셰인,1
올리버,1
컬렉션,1
까만색,1
만족스럽다,1
후비다,1
콧구녕,1
구가,1
중개사,1
장롱,1
구동,1
구입,1
이자인,1
할부,1
소박,1
김정은,1
심의,1
얼토,1
거뜬하다,1
골대,1
골인,1
피씨,1
이중간첩,1
기계로,1
낙오,1
한도,1
돌려막기,1
런치란다,1
귀염,1
기염,1
헤어스타일,1
턱턱,1
벙쪄버리,1
뻑뻑,1
썩썩,1
빅힛,1
훌리건,1
홀인원,1
속단,1
리퍼,1
핸드,1
블랙벨트,1
그린벨트,1
기립박수,1
코웃음,1
인맥,1
진행,1
랩퇴,1
신들리다,1
출사표,1
출격,1
타석,1
망일,1
강백호,1
고지,1
점령,1
블럭,1
고향이,1
시더,1
뭐시,1
물땜시,1
것띠,1
거가,1
잡아블자고잉,1
신라,1
화랑,1
후예,1
정겨운,1
정서,1
거거,1
뭣좀,1
비빔밥,1
쫌따,1
풀어블,1
카이,1
하모하모,1
고라,1
흐미,1
찌아,1
땜시,1
아구,1
흑산도,1
홍어,1
텬디,1
뭐시기,1
구월,1
풍월,1
수박,1
장사,1
벼슬,1
악센트,1
표준,1
정립,1
표본,1
친근하다,1
어우,1
오글거리다,1
문산,1
마라도,1
직음,1
살암엑,1
눅웅,1
읻는,1
얻덯,1
글엏,1
댛알,1
젭알,1
댛안,1
얙익,1
습괂얼엄,1
길들렺,1
글애,1
짍읝,1
담연,1
걱엗,1
칭울,1
맗앚임안있엊워,1
삿일,1
덴읶,1
잔읺앧오,1
맗앍,1
앷악일,1
읻던,1
극언,1
흖안,1
발앰,1
발안,1
햊워,1
새하얘지다,1
한류,1
몰이,1
견인,1
타이어,1
대중가요,1
떡대,1
역대,1
와이퍼,1
다이스,1
프라이드,1
크라이슬러,1
원피스,1
메기,1
절차탁마,1
절차,1
툼스톤,1
시시각각,1
버블,1
비보,1
걸레,1
연쇄살인,1
강도,1
명령,1
천해,1
주석,1
헤게모니,1
더러,1
버러,1
혼내다,1
죄명,1
신앙심,1
태생,1
엄살,1
조퇴,1
지상,1
홀리,1
파트너,1
호위,1
권리,1
진품명품,1
개구쟁이,1
가렴,1
한탄,1
꾸준하다,1
추어,1
덩치,1
가냘프다,1
동맥,1
거식증,1
로서,1
시적,1
대문자,1
씌었,1
알콩달콩,1
화사하다,1
알록달록,1
파서,1
만화,1
트램폴린,1
공터,1
뛰놀다,1
차세대,1
단발,1
대의,1
빠듯,1
일시,1
재생,1
으스대,1
계급,1
나눠지다,1
매몰,1
대니,1
굴지,1
거위,1
주제넘다,1
강정,1
배제,1
될런,1
씩씩대다,1
찌질하다,1
하쿠나마타타,1
프로필,1
메신저,1
네비게이션,1
아둥,1
어장,1
그캄,1
작살,1
리하,1
사라다,1
쌔그랍,1
쪼매,1
반반하다,1
바리,1
땡기다,1
이뻐잉,1
기뻐잉,1
짜슥,1
장하다,1
큐피트,1
찍어잉,1
남정,1
허뻐,1
고함,1
낚아채다,1
봐브러야제,1
고마,1
팅기다,1
궁디,1
주차,1
뿌기,1
금마,1
때매,1
카나,1
나뚜,1
타카,1
씅나,1
가스나,1
호석,1
쌔리삐,1
상치,1
않어잉,1
벌벌,1
컥컥,1
생머리,1
목선,1
명동,1
탐험가,1
무의미하다,1
브런치,1
밤중,1
주름,1
골반,1
편의,1
비현실적,1
에너지,1
나이스,1
쥐기,1
됨됨이,1
꼴딱,1
투자,1
콧소리,1
죙일,1
신인상,1
리허설,1
선입견,1
욕설,1
눈칫밥,1
진수,1
성찬,1
선방,1
색안경,1
선생,1
매너,1
중환자,1
실어증,1
환자,1
독창,1
하수,1
파업,1
시위,1
부처,1
로밍,1
요금,1
정규,1
합법,1
힙찌질,1
힙찔,1
입질,1
삐끼,1
오라,1
한식,1
길거리,1
수군대다,1
작두,1
무당,1
카게무샤,1
호객,1
뺑끼,1
건방,1
듣보잡,1
불가사의,1
불가사리,1
홍콩,1
유연하다,1
놀림,1
일주,1
때기,1
쌔리,1
비즈니스,1
디기,1
삐치,1
귀요미,1
수배,1
수색,1
파란만장,1
날차,1
사기꾼,1
인정받다,1
식스센스,1
포켓몬스터,1
바이트,1
키퍼,1
허허벌판,1
무미건조하다,1
목마,1
썩소,1
막사,1
줄다리기,1
식일,1
계약서,1
결론,1
도돌이표,1
어진,1
줄리엣,1
로미오,1
어기,1
피곤,1
찌들다,1
냉장고,1
눅눅하다,1
기지개,1
더러워지다,1
찌뿌둥,1
인상,1
빗소릴,1
시멘트,1
도외,1
시해,1
호시탐탐,1
토끼,1
그래피티,1
단막극,1
재주,1
계주,1
에츄,1
도둑,1
경찰,1
나그네,1
이자벨,1
마랑,1
튕겨대,1
충족,1
피쳐링,1
무겐,1
킬로,1
람보르기니,1
비키니,1
마티니,1
우쭈쭈,1
가지가지,1
챙피함,1
승화,1
하이킥,1
하소연,1
다리미,1
이동,1
주책,1
연필,1
때마침,1
아버님,1
야심,1
스킨,1
앙탈,1
샌드백,1
간단,1
인구,1
한물가다,1
영수,1
핫스팟,1
여자애,1
업뎃,1
켁켁대,1
밥알,1
충전,1
메세지,1
셀카,1
시력,1
라식,1
삘삘,1
대게,1
어림,1
어치,1
건축학개론,1
증가,1
테스토스테론,1
파울,1
미적,1
국가,1
미형,1
문화재,1
빙산,1
여드름,1
시나,1
심청,1
클래식,1
아주머니,1
덕지덕지,1
발라,1
랍시고,1
입학,1
개입,1
부갈루,1
킹텃,1
올드스쿨,1
위탁,1
나타내다,1
다듀,1
버벌,1
에픽,1
무명,1
비기다,1
만들기,1
테두릴,1
뮤지션,1
교감,1
초등학생,1
재단,1
조숙하다,1
만류,1
교과서,1
귀퉁이,1
안정,1
펜촉,1
학창시절,1
문화,1
골백번,1
차일,1
자책,1
숨쉬기,1
막일,1
본방,1
사수,1
때깔,1
신사역,1
찬사,1
데우다,1
피조,1
자기계발,1
줏댄,1
베스트셀러,1
한정판,1
레고,1
파라,1
귓밥,1
스키니진,1
패션,1
남다르다,1
하랬더,1
참뜻,1
장손,1
헐뜯다,1
추앙,1
사이비,1
예나,1
중생,1
부처님,1
예수님,1
알라신,1
신봉,1
등수,1
스스롤,1
리던,1
비관,1
합리화,1
미원,1
양립,1
소나,1
반대말,1
조끼,1
튼튼하다,1
폭풍우,1
장의,1
악랄하다,1
화낼,1
천적,1
인용구,1
명찰,1
기럭지,1
갖가지,1
음해,1
울부짖다,1
심벌,1
인트로,1
아웃트,1
입방,1
환절기,1
간절,1
따먹다,1
기린,1
추서,1
보증,1
팬티,1
필히,1
워리,1
싱가폴,1
타이완,1
술사,1
하류인생,1
자위,1
통수,1
아티스트,1
연연하다,1
병정,1
랭보,1
새해,1
엘라스,1
비듬,1
거머리,1
숙연,1
턱걸이,1
철판,1
은희,1
예능,1
수니,1
느이,1
개폐,1
제패,1
스웨덴,1
독일,1
브라질,1
오광,1
금실,1
부부,1
천상,1
탁탁,1
먼지털이,1
촌장,1
족발,1
대님,1
스탈,1
작전,1
브랜드,1
밴드,1
놀이동산,1
차이나다,1
성은,1
개명,1
신청,1
야동,1
부지런,1
쉐꺄,1
니미,1
나미,1
카미,1
노가리,1
미미,1
노답,1
꼭지,1
임질,1
자비,1
차비,1
비취,1
스티치,1
함수,1
한우,1
등급,1
놀음,1
신기,1
드럼,1
베이스,1
한평생,1
흑역사,1
가속,1
바주카,1
산송장,1
마인드,1
우탱클랜,1
라띠쑤삐까따뽀,1
쎄이,1
살살,1
빨주노초파남보,1
람보,1
하악하악,1
겉모습,1
검정,1
스타킹,1
사기,1
조던,1
무척,1
걱정거리,1
상념,1
결격,1
공과,1
드리블,1
베란다,1
연말,1
시상식,1
크레딧,1
평수,1
점도,1
치워지다,1
짜장면,1
광활하다,1
상업,1
바가지,1
보증금,1
단계,1
쓰레기봉투,1
체취,1
시체,1
링딩동,1
대변,1
땀내,1
비실이,1
찡찡,1
띨띨이들,1
모로,1
육포,1
도해,1
음치,1
박치,1
정상인,1
쾌속,1
훠이,1
맏형,1
죄송하다,1
호식,1
차카,1
미니마니모,1
이빨,1
중국어,1
취빨러,1
비범,1
휴먼,1
토치,1
평범,1
깡패,1
팬클럽,1
가입,1
메시,1
메히코,1
간장,1
카프카,1
성숙하다,1
소신,1
몇몇,1
거덜,1
이끼,1
억만,1
살라,1
일산,1
페스,1
웨스턴,1
후곡,1
학원,1
전라남도,1
남쪽,1
이열치열,1
볼라,1
수혈,1
분간,1
발가벗다,1
산산이,1
나즈,1
멀미,1
새우잠,1
헤르츠,1
푸르다,1
돌림,1
모호하다,1
초연,1
잎새,1
행패,1
종목,1
여운,1
심플,1
적신호,1
낭독,1
발악,1
희극,1
광기,1
꼬깃,1
비틀대다,1
만신창이,1
진창,1
진군,1
단절,1
빵점,1
방어,1
철저하다,1
근무,1
태만,1
유명인,1
극상,1
눈엣가시,1
누월,1
만장,1
생매장,1
곡성,1
자산,1
건강,1
예삿,1
카테고리,1
점치,1
독종,1
공공,1
적적,1
우릴까,1
나불대다,1
골로,1
강박,1
민윤기,1
상담,1
의사,1
목줄,1
키라,1
동산,1
근원,1
기요틴,1
도쿄돔,1
고뇌,1
자긍심,1
떳떳,1
단맛,1
쓴맛,1
똥맛,1
친지,1
음악학,1
원장,1
지랄병,1
빡빡이,1
개최,1
대회,1
백지영,1
아뇨,1
형님,1
대횔,1
결선,1
편곡,1
지역번호,1
입성,1
사먹다,1
등교시간,1
술값,1
아가리,1
구리,1
불공평,1
오평,1
투룸,1
하겠냔,1
댓글,1
비정상,1
질라,1
사물놀이,1
무플,1
굶주리다,1
알받이,1
연행,1
결백,1
리그,1
감독,1
발바닥,1
대인배,1
갱생,1
도움닫기,1
똥차,1
몽땅,1
송장,1
우러러보,1
백옥,1
방치,1
어색,1
수렁,1
독기,1
양심,1
지뢰,1
허리띠,1
아랑곳,1
조각배,1
지름길,1
강인하다,1
변화구,1
은혜,1
흥동,1
히딩크,1
브로드웨이,1
레스토랑,1
가정,1
베테,1
거름,1
약손,1
둘셋,1
지름,1
시름,1
두기,1
자격지심,1
성배,1
멱살,1
리필,1
죗값일,1
덤블링,1
트램펄린,1
유리천장,1
설국열차,1
피나,1
규율,1
태초,1
원수,1
과도,1
메이크업,1
환호로,1
조명도,1
그로,1
버럭,1
스테끼,1
핵심,1
섭외,1
악췬,1
효도,1
라따뚜이,1
고소하다,1
사필귀정,1
이솝우화,1
쌤통,1
탈진,1
부장,1
영상,1
트위터,1
브이,1
본보다,1
뮤비,1
순삭,1
사나이,1
오노,1
지로,1
저당,1
쫄면,1
문대,1
어질어질하다,1
개뿔,1
가문,1
훤해,1
들이켜다,1
모래바람,1
나미브,1
중소,1
두번째,1
부지,1
기수,1
땜빵,1
기전,1
일본,1
플래시,1
십만,1
퍼스트,1
입력,1
채점,1
심년,1
육체,1
유비,1
무환,1
원천,1
순정,1
일생,1
바통,1
비슷비슷,1
일심동체,1
잠수함,1
낙스,1
모함,1
알차다,1
실현,1
봉쇄,1
취준생,1
감자,1
한마음,1
불가피하다,1
일자리,1
비참,1
일당,1
난청,1
결실,1
군말,1
보편,1
적응,1
부끄럼,1
메커니즘,1
구찌,1
매입,1
호발,1
이형,1
일면,1
전셋집,1
풍문,1
가라오케,1
정당성,1
떳떳하다,1
상과,1
내쫓다,1
작별,1
무색,1
왕성,1
복수형,1
덤덤하다,1
불규칙,1
호텔,1
방서,1
실패하다,1
여권,1
과로사,1
알통,1
갑빠,1
하늘높이,1
무릎팍,1
가당,1
단팥빵,1
밀면,1
미지수,1
내란,1
뭐랬어,1
거랬잖,1
장미꽃,1
옥죄,1
설음,1
이얼,1
두껍다,1
오그,1
도하,1
사위다,1
쫄지마렴,1
피폐,1
저러다,1
티어,1
도려,1
그래그래,1
갈기갈기,1
발기다,1
불규칙하다,1
불치,1
남한,1
노트북,1
퍼붓다,1
경주,1
끗발,1
주장,1
캐셔,1
얼음땡,1
두욜땡,1
개얼,1
듬어,1
비뚤다,1
지네,1
해묵,1
대들다,1
엄격하다,1
굵다,1
나이테,1
뭉툭,1
광채,1
재림,1
말관,1
세겔,1
스산,1
스트레칭,1
웨이브,1
말다툼,1
더욱이,1
간사하다,1
전가,1
경쟁,1
려면,1
발뒤꿈치,1
인질,1
명멸,1
장관,1
매연,1
청계천,1
비리다,1
선유도,1
비만,1
꽃필,1
묘연,1
무관심하다,1
집사,1
프리스비,1
야옹이,1
진돗개,1
기말고사,1
두통,1
디오니소스,1
크리스탈,1
아이비,1
덤덤,1
본때,1
자가,1
진주목,1
걸일,1
서툼,1
징그럽다,1
최초,1
토로,1
위악,1
시행착오,1
미시,1
관둘,1
잡아당기다,1
비도,1
한걸음씩,1
든든하다,1
막막,1
금남,1
할렘,1
입단,1
워커홀릭,1
성장하다,1
당근,1
베팅,1
낮아지다,1
서먹서먹하다,1
속눈썹,1
개수,1
도서관,1
열차,1
매직,1
아일랜드,1
지팡이,1
꼬리별,1
마법진,1
소환,1
약혼,1
애란,1
복권,1
손편지,1
시끌시끌하다,1
뫼비우스,1
호칭,1
문법,1
귀어,1
최종,1
보스,1
스탯,1
리셋,1
엉킨,1
탈선,1
버그,1
평화롭다,1
페북,1
검증,1
석사,1
박사,1
핸들,1
띵하다,1
드르르,1
젖히다,1
하늘색,1
스튜디오,1
과속방지턱,1
움트던,1
위안,1
정호석,1
단점,1
두께,1
호박,1
번영,1
무뎌,1
칼날,1
맞서다,1
서성대다,1
타닥,1
선수,1
건수,1
물기,1
건드,1
암담하다,1
비헴,1
베프,1
차림,1
만두,1
드림캐쳐,1
돌리지,1
운동장,1
패스,1
죄송,1
엑스트라,1
통편집,1
퇴장,1
찬란,1
은빛,1
보호,1
나뉘다,1
형체,1
경이,1
접속,1
안과,1
읊즈린,1
치부,1
허망,1
금일,1
하랍신다,1
종놈,1
광해,1
개천,1
뒤주,1
잡수쥬,1
재롱,1
어이없다,1
예외,1
매출,1
피디,1
재임,1
애잔하다,1
옷옷,1
돈돈,1
현상,1
위만,1
신사,1
두절,1
안양,1
면회,1
왕복,1
재판,1
펑펑,1
두부,1
간만,1
빠개,1
넷쯤,1
자지,1
안주,1
관해,1
슈퍼스타,1
뒤통수,1
갈기,1
기고,1
펜트하우스,1
한남,1
더힐,1
산들바람,1
가지각색,1
불편,1
서바이벌,1
모르핀,1
창궐,1
부자,1
가난,1
제로섬,1
지선,1
피드,1
개집,1
닭장,1
옵션,1
똥통,1
연관,1
이군,1
졸도,1
빠꾸,1
밥풀,1
분배,1
숟가락,1
타임머신,1
뒹굴어,1
징조,1
실용,1
축구화,1
화이트,1
경사,1
휙휙,1
별도,1
우울,1
동물인지,1
쇳덩,1
코뿔소,1
복인,1
불과,1
거북하다,1
쓰레기통,1
시내,1
북적,1
삼시,1
목매,1
물리,1
라벨,1
본디,1
가짓수,1
벼벼벼,1
거거거,1
겁겁겁,1
들풀,1
눈꼽,1
잘빠지다,1
몸맨,1
인조,1
초코,1
반란,1
변신,1
미치광이,1
어눌하다,1
끈질기다,1
핼쑥,1
지우개,1
커피잔,1
투명인간,1
뚫어지다,1
젤리,1
살금살금,1
마법사,1
젠틀,1
레이져,1
펄럭,1
졸이다,1
눈물샘,1
빨끝,1
본적,1
애프터스쿨,1
풍기다,1
판타지,1
분다,1
훌륭하다,1
뒤늦다,1
실리다,1
백퍼센트,1
만만,1
양쯔강,1
수트,1
히말라야,1
결코,1
벼룩,1
약자,1
낡아지다,1
손목시계,1
비닐,1
하나님,1
비누거품,1
탁월하다,1
몫일,1
울보,1
콧날,1
구릿빛,1
취할,1
박동수,1
왈츠,1
새우,1
머릿,1
떼쓰다,1
이십사,1
흰눈,1
흥겹다,1
삐친,1
이십,1
정열,1
아르바이트생,1
상냥하다,1
앞치마,1
누날,1
건담,1
퍼펙트,1
안길,1
붓기,1
어두컴컴하다,1
셜록홈즈,1
한눈,1
파이다,1
시츄에이션,1
견고하다,1
생신,1
별나라,1
마력,1
파돌,1
번짐,1
빗줄기,1
오르내리다,1
고고,1
이드,1
칵테일,1
플루메리,1
꼽고,1
간이역,1
잦아드,1
새침하다,1
충혈,1
가겔,1
나긋하다,1
옷소매,1
개운하다,1
커피한잔,1
공항,1
라보,1
답답,1
해피엔딩,1
성급하다,1
계산기,1
열병,1
새침데기,1
지킴,1
참여,1
미니드레스,1
꿈나라,1
전성,1
예쁘장하다,1
꼬시,1
불길하다,1
어머나,1
까딱,1
까칠까칠,1
한증막,1
기진,1
맥진,1
스트로베리,1
으슬으슬,1
안타,1
쿠앤크,1
화원,1
취했,1
기겁,1
알량하다,1
도태,1
아리다,1
값지다,1
미미하다,1
무모하다,1
땅거미,1
짓누르다,1
헐떡이다,1
준빈,1
얽매다,1
쇠사슬,1
바로잡다,1
은폐,1
폐기,1
실루엣,1
참깨,1
피크닉,1
통행,1
깜박이다,1
위태해,1
빈말,1
희망고문,1
최소한,1
결승,1
가파도,1
경우,1
모진,1
신물,1
화도,1
고귀하다,1
사느랗다,1
느끼하다,1
등심,1
다리다,1
목련,1
창백하다,1
사자,1
미니,1
레쉬,1
로켓,1
스파,1
담요,1
과자,1
거저,1
후란,1
무림,1
어저께,1
장볼,1
성인,1
옆모습,1
저으,1
지르르,1
매만지다,1
보나,1
식빵,1
점심밥,1
때우다,1
다른사람,1
카세트,1
무음,1
저건,1
고리타분하다,1
사항,1
멈칫,1
겨냥,1
들러리,1
기절,1
지방,1
튜브,1
모름,1
일칠,1
광땡,1
비스듬해,1
모래주머니,1
크라우치,1
꼴찌,1
장마철,1
벌집,1
짖다,1
광견,1
내킬,1
자극제,1
의치,1
기막히다,1
화보,1
말수,1
적어지다,1
성품,1
선지,1
사이즈,1
허기,1
자칫,1
남녀,1
노소,1
섭취,1
방심,1
금물,1
쭈물,1
삼창,1
영희,1
철수,1
쩔쩔매다,1
어머님께,1
맙시,1
잔디밭,1
홍일점,1
한밤중,1
강가,1
선선,1
언쳤,1
홀렸,1
복장,1
하교,1
퇴근길,1
굿모닝,1
차리기,1
차이다,1
감수성,1
유도,1
여간,1
지진,1
본론,1
샘물,1
주사위,1
마르지,1
오아시스,1
벙찐,1
기습,1
억울하다,1
통째,1
쩨쩨,1
답안,1
수군거리다,1
후회되다,1
허밍,1
내용,1
비틀어지다,1
일보,1
나흘,1
대조,1
케케,1
묵다,1
떠내다,1
정성껏,1
싸매다,1
가다듬다,1
범벅,1
성실,1
작용,1
디노,1
갈고,1
복사,1
나타,1
투팍,1
각본,1
뚜르르르,1
츄러스,1
즈음,1
변덕,1
철새,1
비주,1
괄호,1
세면대,1
헹궈,1
상당하다,1
상한,1
다크,1
모닝콜,1
필수,1
현관문,1
날씬,1
진단,1
따분함,1
놓아두다,1
변치않다,1
유성,1
한적,1
상공,1
킬로미터,1
뻐근하다,1
들것,1
뱅기,1
힐링,1
타네,1
캐리어,1
우유,1
버스정류장,1
연상,1
촉각,1
미각,1
궁금증,1
딱딱하다,1
벽면,1
폐쇄감,1
청하면,1
용량,1
빼기,1
동반,1
지루함,1
하진,1
차고,1
인걸,1
왕자,1
집의,1
터트려보,1
램프,1
베베,1
문지르다,1
해님,1
달님,1
어떡하다,1
흥분,1
오란,1
두둠칫,1
오산,1
호불호,1
묵음,1
참조,1
구식,1
울면,1
호호,1
해결,1
서프라이즈,1
예고편,1
구간,1
경해,1
캠핑,1
일어나서,1
솔직,1
쭈뼛쭈뼛,1
민가,1
사리,1
들통,1
잡아먹다,1
지지리,1
쭈삣쭈삣,1
반한,1
문턱,1
변변,1
찮아다,1
추워지다,1
가열,1
파고,1
주윈,1
맘보,1
레귤러,1
커피컵,1
자퇴,1
미숙,1
폐해,1
땅굴,1
털끝,1
취뤼봉,1
취리취리봉,1
콤비,1
바람개비,1
데리,1
교통카드,1
김수한,1
거북이,1
삼천갑자,1
동방삭,1
꼬린,1
일동,1
기립,1
둘러앉다,1
쑥스럽다,1
캠프파이어,1
금쪽,1
통기타,1
테로,1
왜냐면,1
시시콜콜하다,1
후라이드,1
양념,1
치킨,1
각지,1
솔깃,1
전구,1
전달,1
야자수,1
코코넛,1
말리부,1
샹들리,1
이륙,1
유남쌩,1
찌더움,1
온점,1
덜렁대다,1
끼니,1
바톤,1
빛내,1
부합,1
심정은,1
보오,1
비수,1
저걸,1
성가시다,1
베이,1
겉옷,1
음성,1
한파,1
윌리,1
무었,1
구석구석,1
방화벽,1
로봇,1
뒤엉킨,1
점화,1
떨기,1
겁쟁이,1
통로,1
들이마시다,1
아틀란티스,1
소파,1
콩닥거리다,1
이데아,1
금토일,1
침착,1
백기,1
스태미나,1
벽장,1
헤드라인,1
꽁무니,1
가내,1
수공업,1
형용,1
이벤트,1
마음먹다,1
회식,1
월급,1
음양,1
잇다,1
찰칵대다,1
먹어주다,1
사체,1
통증,1
놨어,1
가사도,1
꺼풀,1
도록,1
놨는데,1
린지,1
콧노랠,1
위핸,1
험난하다,1
장통,1
레드,1
카펫,1
겁낼,1
깨나,1
뭔들,1
허겁지겁,1
짝짝이,1
신어,1
순서,1
해결사,1
배트,1
삼루,1
술래잡기,1
얼씨구,1
만루,1
찬찬하다,1
일정하다,1
세시,1
밝기,1
결함,1
조연,1
게임기,1
사촌,1
로그인,1
츄리닝,1
꾸기다,1
마우스,1
휙휙휙,1
적응하다,1
더블,1
골뱅이,1
메일,1
이모티콘,1
티타임,1
기프티콘,1
조급,1
오색,1
수채화,1
버블팝,1
요리,1
감탄사,1
은하,1
끝말잇기,1
초록빛,1
십분,1
서리,1
온도계,1
퓨퓨,1
화성,1
슘슘슘,1
조마조마하다,1
헬륨,1
속임수,1
빤짝,1
어로,1
사하라,1
라만차,1
풍차,1
불능,1
기울다,1
마차,1
떼창,1
정면,1
일가,1
청개구리,1
파도처럼,1
연하다,1
골똘하,1
흩다,1
공백,1
즉흥,1
머릿수,1
밥값,1
하이패스,1
전인,1
맞닥뜨리,1
올려놓다,1
언뜻,1
공길,1
흐트러,1
물속,1
서비스,1
손질,1
해동,1
후루루,1
셰프,1
헬멧,1
유레카,1
식기,1
안이,1
쫓아가다,1
가로세로,1
매혹,1
긴장감,1
계심,1
잔향,1
깔끔하다,1
연출,1
뮤지컬,1
첨벙대,1
필승,1
십이,1
후식,1
샴페인,1
대작,1
장벽,1
증명사진,1
움큼,1
빼먹다,1
고통스럽다,1
비밀스럽다,1
꾸란,1
대담하다,1
낭빈,1
뒷걸음,1
다채롭,1
조로,1
펌핑,1
프랑,1
크라켄,1
양팔,1
휘릭,1
라차,1
밤낮없이,1
그야,1
떠버리,1
어려워지다,1
천고마비,1
창원,1
레오,1
갈대,1
인생살이,1
트로트,1
디제이,1
디스,1
밥밥,1
쉬밍하오,1
붕어빵,1
찐빵,1
호떡,1
그르륵,1
칵칵,1
힛맨뱅,1
피치,1
박지예,1
박지,1
소문나다,1
첫인상,1
오래오래,1
누벼,1
요란하다,1
화살표,1
말소리,1
이러하다,1
온실효과,1
뿜빠이,1
백피,1
지구본,1
가르마,1
눈엣,1
케르,1
튕겨,1
특기,1
바스락,1
밟힌다,1
치밀하다,1
라운드,1
지훈,1
캐스터네츠,1
티격태격,1
객관,1
주관,1
일치,1
모이,1
하모니,1
윤슬,1
일일일,1
빼빼로,1
휴양지,1
꼴통,1
변곡점,1
표시,1
첫걸음,1
전일,1
평일,1
팝콘,1
퇴근,1
영업,1
드레스,1
일기예보,1
헤아리다,1
지후,1
뉴비,1
씨앗,1
맵시,1
피앙세,1
장담,1
불량하다,1
유래,1
상승기류,1
이따,1
정류장,1
마크,1
미완성,1
아닐런,1
자욱하다,1
불완전하다,1
골치,1
진절머리,1
욕먹다,1
본업,1
뿜어,1
숏폼,1
송폼,1
혈류,1
우표,1
부치다,1
흐릿했던,1
전깃줄,1
상철,1
단서,1
회로,1
액셀,1
인파,1
뜬구름,1
겨누,1
러시안룰렛,1
공백기,1
잠수교,1
날선,1
습기,1
푱푱,1
동서남북,1
만석,1
궁합,1
망가뜨릴,1
잡기,1
개체,1
치타,1
민첩하다,1
열풍,1
거드름,1
힙스터,1
합격,1
분비,1
세로토닌,1
엔터,1
군데,1
스냅,1
테크토닉,1
음절,1
스윽스윽,1
법인,1
영리하다,1
사무실,1
성지순례,1
잉태,1
세종대왕,1
딸내미,1
사임당,1
염따,1
토르,1
칙칙하다,1
오천만,1
빠끄,1
호응,1
동정,1
변수,1
피라미드,1
용트림,1
대부분,1
증정,1
지출,1
직원,1
급여,1
안티,1
아치,1
우지호,1
실제,1
누리꾼,1
궁예,1
인격,1
호감,1
비호감,1
사망,1
부활,1
겉멋,1
섣부르다,1
기믹,1
어중된,1
구설수,1
땅일,1
주춤대다,1
혹독하다,1
위트,1
안전,1
맷집,1
우여곡절,1
황홀경,1
후렴구,1
생략,1
떨구다,1
화기,1
애애,1
화창,1
보따리,1
교묘하다,1
공짜,1
생명,1
클로버,1
마음씨,1
협탁,1
찌그러지다,1
핑곗거리,1
도어락,1
발가벗기다,1
타가,1
처지,1
정색,1
생쇼,1
청아,1
내용물,1
강수,1
출연자,1
싸이월드,1
둘리,1
꼬박꼬박,1
출석,1
구독,1
채널,1
환승,1
산통,1
터트려,1
창틈,1
지난번,1
배웅,1
형상,1
보름,1
간호,1
꼽아볼,1
들먹이다,1
화목,1
불모,1
눈보라,1
동굴,1
박쥐,1
양초,1
올가미,1
구명,1
밧줄,1
삼은,1
벼르,1
스릴,1
배춧잎,1
가시다,1
독극물,1
입가심,1
손사래,1
까닭,1
퇴짜,1
동명,1
싱겁다,1
인간계,1
모범,1
슬럼프,1
엔간하다,1
외압,1
상의,1
통틀어,1
가상하다,1
장사치,1
밑천,1
떡밥,1
먹방,1
불조심,1
비지땀,1
대형,1
이그,1
관록,1
강약,1
종료,1
쑤시다,1
우수,1
우위,1
우월,1
그따위,1
야광,1
헌납,1
손자,1
수돗물,1
체내,1
젓다,1
천장,1
본채,1
네온,1
밤거린,1
의성어,1
콩알,1
손꼽다,1
뇌리,1
끝물,1
예방,1
직방,1
어르신,1
발매,1
임박,1
충격,1
모가지,1
추이,1
바이럴,1
마케팅,1
전염,1
운빨,1
특성,1
어깃장,1
볼기짝,1
그래프,1
규모,1
아리까리하다,1
상급자,1
후광,1
기어이,1
부흥,1
권해,1
마려워,1
역표시,1
요것,1
참되다,1
단조롭다,1
빚쟁이,1
난해하다,1
가공,1
근래,1
무능하다,1
연초,1
말귀,1
높임말,1
수치심,1
심박,1
싱크,1
홧김,1
야식,1
유머,1
백발,1
과장,1
평상시,1
높낮이,1
전문,1
기껏,1
재회,1
근황,1
아담하다,1
고립,1
우스꽝스럽다,1
것임,1
꼬셔,1
쿨쿨,1
택배,1
기상,1
이나,1
뙤약볕,1
불쾌,1
지수,1
지붕킥,1
시금치,1
엄두,1
시렁,1
피팅,1
주차장,1
먹통,1
영문,1
냉수,1
장판,1
오렌지색,1
탈주,1
팔월,1
세계관,1
압도,1
배경음악,1
천진난만하다,1
버퍼링,1
버벅대다,1
들썩이다,1
인물,1
변덕쟁이,1
엄연하다,1
동심,1
분량,1
자그마치,1
슬로우,1
모션,1
가뜩이나,1
낯가림,1
코스프레,1
뻘쭘해,1
끊기다,1
짤막하다,1
완결,1
초성,1
도발,1
성질,1
저녁밥,1
소화,1
격렬하다,1
짊어지,1
종이비행기,1
교환,1
물때,1
울음소리,1
털레털레,1
사이사이,1
콜콜,1
픽셀,1
여느,1
호스텔,1
열시,1
컬러풀,1
서울시,1
캔슬된,1
캘린더,1
엑스,1
생체,1
띄어쓰기,1
버킷리스트,1
압축,1
파일,1
묶여서,1
글로벌,1
당일,1
파투,1
허탕,1
자율,1
주행,1
타임,1
코너,1
몰리다,1
종말,1
멸종위기종,1
우왕좌왕,1
뒤집어지다,1
타워,1
시국,1
쑥대밭,1
길거릴,1
장악,1
경보,1
춤판,1
무아,1
엄밀하다,1
세기말,1
신의,1
계시,1
대우받다,1
덩이,1
후끈,1
불똥,1
수면제,1
아몬드,1
눈금,1
강제,1
노드,1
구부정하다,1
밀림,1
동물농장,1
꼬랑,1
아이덴티티,1
핼러윈,1
금칠,1
정기,1
개똥,1
색도,1
흑화,1
찬물,1
웃챠,1
초상집,1
계시다,1
조상,1
장래,1
얼결,1
상복,1
롤리,1
재는,1
스톱워치,1
몸집,1
버핏,1
아이스,1
시원,1
몰골,1
리얼,1
파악,1
대마,1
개피,1
파이,1
놨더,1
샷아웃,1
퀄리티,1
리즈,1
밑그림,1
청사진,1
스크린,1
붕괴,1
훈민정음,1
테트리스,1
리스트,1
말썽,1
짱구,1
플로우,1
오은영,1
모시다,1
밀레니엄,1
베이비,1
캐롯,1
마켓,1
카페인,1
확행,1
자의식,1
수틀,1
꼴뚜기,1
어물,1
보틀,1
행세,1
루즈,1
전역,1
최후,1
만찬,1
인지상정,1
부스터,1
인재,1
양성,1
알파벳,1
무모,1
유교,1
마구간,1
트리,1
뷰토,1
코냑,1
루돌프,1
비웃음,1
허황,1
모란,1
자본가,1
왼손,1
경의,1
블러,1
디렉터,1
기울어지다,1
필드,1
국세청,1
발언,1
파우더,1
미니어처,1
버번,1
스페어,1
블랙,1
윈도,1
버킷,1
라나,1
판이,1
나사,1
입어보다,1
약오르다,1
심통,1
싹싹,1
난장판,1
티키,1
덤앤더머,1
럭셔리,1
민폐,1
천생연분,1
수작,1
꽁냥꽁,1
픽업,1
홀짝,1
가로수,1
골목,1
무드,1
빈티,1
만인,1
알딸딸하다,1
베짱이,1
조치,1
복숭아,1
결의,1
말짱하다,1
바람따라,1
백초,1
억텐,1
부대끼다,1
둥이,1
쐬다,1
퀵하,1
조인,1
프로젝트,1
통금,1
하여튼,1
한가위,1
고객,1
방바닥,1
자서,1
도어,1
부단하다,1
도리,1
서론,1
허수아비,1
냉큼,1
글러,1
추호,1
취업,1
별것,1
고등학교,1
세탁기,1
부스스,1
만무하다,1
종착,1
억지스럽다,1
변질,1
양말,1
꼽자,1
쓴소리,1
알코올,1
가락,1
용건,1
가세,1
관상,1
더워지다,1
오피스,1
아스팔트,1
적선,1
잔속,1
왕좌,1
대선,1
디엠,1
침범,1
행인,1
고난,1
살길,1
탁하다,1
러워,1
경쾌하다,1
꾸리다,1
어쨌거,1
아이템,1
획득,1
합성,1
강화,1
마리오네트,1
사각,1
영점,1
보정,1
선언,1
닥쳐오다,1
수동태,1
가두리,1
엎을,1
빌런,1
습격,1
그른,1
목격자,1
평온하다,1
가로,1
선위,1
카론,1
해일,1
사슬,1
쫒다,1
연체,1
청구,1
눈덩이,1
농염,1
시취,1
무도,1
바스러뜨리다,1
너마저,1
가하다,1
징표,1
간청,1
하나같다,1
거스른,1
디피,1
필멸뿐,1
침전,1
유한,1
떠돌다,1
벌린,1
목덜미,1
찬양,1
치트키,1
초능력,1
이지,1
미스터리,1
아포칼립스,1
로맨틱,1
작가,1
돋보기,1
살랑,1
계수,1
여위다,1
권력,1
체스판,1
장막,1
잔해,1
세레나데,1
도취,1
황홀,1
시차,1
수식,1
부양,1
인과율,1
세워지다,1
의밀,1
무력하다,1
거역,1
통치,1
어리석음,1
가르침,1
흉진,1
무표정,1
유심,1
관찰,1
산책길,1
뾰루,1
흠칫,1
도드라지다,1
사태,1
무채색,1
발화점,1
산솔,1
금길,1
진공,1
치솟다,1
초신성,1
부술,1
고결하다,1
핏발,1
비틀리다,1
천진하다,1
찐득하다,1
유인,1
길목,1
포획해,1
가만두다,1
버블티,1
씨익,1
참고서,1
맴돈다,1
부리나케,1
무저갱,1
쌉쌀하다,1
숙취,1
사치스럽다,1
겹친,1
일렁,1
결빙,1
난파,1
클리셰,1
불공평하다,1
악행,1
뱃살,1
단정,1
과부,1
도핑,1
지평선,1
소실,1
안간힘,1
인어공주,1
못질,1
꼬릴,1
만지작거리다,1
손깍지,1
영환,1
후련하다,1
예측,1
불허,1
나완,1
문해,1
출퇴근,1
대기실,1
대칭,1
마등,1
썬글라스,1
측정,1
코리안,1
드림,1
몰핀,1
블락,1
스윙,1
크림,1
열세,1
논현,1
몸서리,1
지조,1
윤기형,1
스토커,1
귀하다,1
부스,1
안착,1
강조,1
지표,1
사뭇,1
독학,1
형광,1
배움,1
미학,1
피드백,1
상호,1
유익하다,1
곧다,1
목쉬,1
정당하다,1
성별,1
국경,1
순리,1
연어,1
신들,1
수여,1
신화로,1
제출,1
제우스,1
고열,1
재앙,1
가치관,1
자연재해,1
베풀다,1
본연,1
회담,1
인과법칙,1
일체유심조,1
바치,1
무궁무진,1
응답,1
아군,1
도심,1
교통,1
안전지대,1
깡통,1
그루터기,1
명감,1
자멸,1
임종,1
재해,1
염원,1
정점,1
합리,1
공범,1
과유,1
불급,1
압해도,1
관문,1
판도,1
슈퍼,1
동해,1
서해,1
광어,1
삼치,1
상어,1
낚싯대,1
소행성,1
광고,1
인공,1
지능,1
중립,1
특색,1
빅매치,1
올림픽대로,1
관능,1
별밤,1
지그시,1
너비,1
데이터,1
랑데부,1
물랑루즈,1
인정이,1
노인,1
정이,1
전시,1
조롱,1
버러지,1
온라인,1
바램관,1
아대,1
한남대로,1
탄탄,1
강남대로,1
화초,1
오솔길,1
뜨랑,1
제의,1
희로애락,1
시르다,1
오가다,1
서운해하다,1
멍에,1
청승,1
초승달,1
분수,1
진저리,1
회전,1
방백,1
완숙,1
돛단배,1
발밑,1
황량,1
피난처,1
무책임하다,1
빈혈,1
공허,1
나태,1
구태여,1
신중하다,1
진중하다,1
승패,1
이타,1
복종,1
간암,1
거닌듯해,1
진흙탕,1
총구,1
최소,1
재일,1
부연,1
십중팔구,1
덮이다,1
공수,1
수거,1
악상,1
백악관,1
빙시,1
악인,1
시궁창,1
화재,1
재기,1
복귀,1
모욕,1
경멸,1
는가,1
간극,1
희미,1
회상,1
잔인,1
외줄,1
옥죌,1
선동,1
팩트,1
물질,1
만능,1
병폐,1
극단,1
진영,1
방관,1
익명,1
살인,1
해명,1
값싸다,1
황색언론,1
초이스,1
치고받다,1
창끝,1
일런,1
추측,1
동일하다,1
시킴,1
사상,1
통일,1
야기,1
생산,1
유튜브,1
플렉스,1
갈리다,1
견해,1
쓰나미,1
세곌,1
환각,1
수치,1
흉하다,1
오점,1
네버랜드,1
좇는,1
성장,1
동화책,1
강물,1
던지기,1
자유형,1
실눈,1
강직,1
모에,1
연결고리,1
조립,1
비거,1
길들다,1
캐치,1
변방,1
메트로,1
곗돈,1
슴슴,1
제곱,1
윤미래,1
이보,1
비열,1
지혈,1
미열,1
야속,1
안식,1
회귀,1
신부,1
현혹,1
밀밭,1
발자욱,1
삐끗,1
사분,1
결핍,1
죗값,1
안좋다,1
경치,1
분실물,1
치켜들다,1
중지,1
번번이,1
홧병,1
산얀,1
썩이다,1
어째,1
껍데기,1
유서,1
흥미,1
따윈잊,1
추월,1
제한,1
석양,1
땅끝,1
대대,1
전제,1
번질,1
서린,1
가나다라,1
기본,1
그슬린,1
하루살이,1
양진,1
여가,1
특징,1
무도회,1
질식,1
환청,1
엉터리,1
패인,1
안건,1
후르,1
상품,1
벨트,1
오니,1
섭하다,1
외화,1
환율,1
샥샥,1
삼만원,1
잠바,1
배수관,1
엄질,1
구시대,1
창백,1
폭주,1
대여,1
뎁혀,1
부추기다,1
비롯,1
쯧쯧,1
숨통,1
매니,1
체념하다,1
마술,1
렸어,1
곤란,1
들이밀다,1
건투,1
장식품,1
외길,1
방랑자,1
해선,1
음표,1
여배우,1
애정,1
공세,1
바이러스,1
끝장,1
주신,1
트레이닝,1
마이,1
너리,1
고깃집,1
구울,1
리사이틀,1
바퀴벌레,1
커플링,1
영화관,1
파란하늘,1
하나라,1
나풀거리다,1
단념하다,1
새록새록,1
실바람,1
밤바람,1
눈속,1
슈르슈르,1
뚜르뚜르,1
빙그레,1
김치,1
소망,1
사뿐하다,1
조종,1
옛날,1
봄비,1
아른해,1
일어,1
투명,1
아득해지다,1
비구름,1
이정표,1
레몬에이드,1
흙내,1
여우비,1
풀내음,1
가리우다,1
교차점,1
풀잎,1
이슬비,1
내색,1
비비고,1
엄청나다,1
넘겨주다,1
하룻밤,1
시무룩하다,1
헤이,1
거세,1
유유,1
놀란,1
진정하다,1
무더위,1
유주,1
사이일,1
직할,1
밝혀지다,1
흐드러,1
헛돌던,1
밋밋하다,1
보호색,1
서글프다,1
꿈쩍,1
대오,1
받아들이다,1
아늑하다,1
안일하다,1
파멸,1
겹겹이,1
뜯기다,1
기만,1
갈채,1
땅속,1
워내,1
풀기,1
리라,1
자룰,1
비밀일기,1
나위,1
리자,1
안갯속,1
조아리다,1
손쉽다,1
발아,1
뒤꿈치,1
푸릇하,1
제동,1
가렵지,1
얄궂,1
애꿎,1
대본,1
트집,1
복일,1
뒷전,1
박제,1
그다지,1
초상화,1
진부하다,1
캡처,1
한없다,1
횃불,1
사냥,1
골칫거리,1
대물리다,1
방송불가,1
이나고,1
시기심,1
아귀,1
착착,1
중고,1
서사,1
조리,1
시로,1
쳇바퀼,1
김완선,1
엄정화,1
추격,1
귀차니즘,1
아이유,1
이효리,1
그녈,1
의무,1
접힌,1
유영,1
해류,1
성냥,1
새살,1
굉음,1
물리다,1
불변,1
불사조,1
일말,1
유난,1
